<?xml version="1.0" encoding="UTF-8"?>
<gc:CodeList xmlns:gc="http://docs.oasis-open.org/codelist/ns/genericode/1.0/"
             xmlns:xoev-cl-3="http://xoev.de/schemata/genericode/3"
             xmlns:xsi="http://www.w3.org/2001/XMLSchema-instance">
   <Annotation>
      <Description>
         <xoev-cl-3:nameKurz>GDS.Sachgebiet</xoev-cl-3:nameKurz>
         <xoev-cl-3:beschreibung-codeliste>Diese Codeliste enthält die verschiedenen Sachgebiete.</xoev-cl-3:beschreibung-codeliste>
         <xoev-cl-3:herausgebernameKurz>AG IT-Standards</xoev-cl-3:herausgebernameKurz>
         <xoev-cl-3:datumGueltigkeitAb>2023-10-31</xoev-cl-3:datumGueltigkeitAb>
         <xoev-cl-3:versionCodelistenHandbuch>1.1</xoev-cl-3:versionCodelistenHandbuch>
         <xoev-cl-3:aenderungZurVorversion>Neuer Eintrag: '058|Unterbringungssachen'. Der Codelistentyp wurde von Typ1 nach Typ3 geändert.</xoev-cl-3:aenderungZurVorversion>
      </Description>
   </Annotation>
   <Identification>
      <ShortName>gds.sachgebiet</ShortName>
      <LongName xml:lang="de-DE">GDS.Sachgebiet</LongName>
      <Version>2.3</Version>
      <CanonicalUri>urn:xoev-de:xjustiz:codeliste:gds.sachgebiet</CanonicalUri>
      <CanonicalVersionUri>urn:xoev-de:xjustiz:codeliste:gds.sachgebiet_2.3</CanonicalVersionUri>
      <Agency>
         <LongName xml:lang="de-DE">BLK-AG IT-Standards in der Justiz</LongName>
      </Agency>
   </Identification>
   <ColumnSet>
      <Column Id="code" Use="required">
         <ShortName>code</ShortName>
         <LongName xml:lang="de-DE">Schlüssel</LongName>
         <Data Type="string"/>
      </Column>
      <Column Id="wert" Use="required">
         <ShortName>wert</ShortName>
         <LongName xml:lang="de-DE">Wert</LongName>
         <Data Type="string"/>
      </Column>
      <Key Id="codeKey">
         <Annotation>
            <AppInfo>
               <xoev-cl-3:empfohleneCodeSpalte/>
            </AppInfo>
         </Annotation>
         <ShortName>codeKey</ShortName>
         <ColumnRef Ref="code"/>
      </Key>
   </ColumnSet>
   <SimpleCodeList>
      <Row>
         <Value ColumnRef="code">
            <SimpleValue>001</SimpleValue>
         </Value>
         <Value ColumnRef="wert">
            <SimpleValue>Adoptionssachen</SimpleValue>
         </Value>
      </Row>
      <Row>
         <Value ColumnRef="code">
            <SimpleValue>002</SimpleValue>
         </Value>
         <Value ColumnRef="wert">
            <SimpleValue>Baulandsachen</SimpleValue>
         </Value>
      </Row>
      <Row>
         <Value ColumnRef="code">
            <SimpleValue>003</SimpleValue>
         </Value>
         <Value ColumnRef="wert">
            <SimpleValue>Beratungshilfesachen</SimpleValue>
         </Value>
      </Row>
      <Row>
         <Value ColumnRef="code">
            <SimpleValue>004</SimpleValue>
         </Value>
         <Value ColumnRef="wert">
            <SimpleValue>Betreuungssachen</SimpleValue>
         </Value>
      </Row>
      <Row>
         <Value ColumnRef="code">
            <SimpleValue>005</SimpleValue>
         </Value>
         <Value ColumnRef="wert">
            <SimpleValue>Ermittlungsrichter</SimpleValue>
         </Value>
      </Row>
      <Row>
         <Value ColumnRef="code">
            <SimpleValue>006</SimpleValue>
         </Value>
         <Value ColumnRef="wert">
            <SimpleValue>Ermittlungsverfahren</SimpleValue>
         </Value>
      </Row>
      <Row>
         <Value ColumnRef="code">
            <SimpleValue>007</SimpleValue>
         </Value>
         <Value ColumnRef="wert">
            <SimpleValue>Ermittlungssache</SimpleValue>
         </Value>
      </Row>
      <Row>
         <Value ColumnRef="code">
            <SimpleValue>008</SimpleValue>
         </Value>
         <Value ColumnRef="wert">
            <SimpleValue>Erweitertes Schöffengericht</SimpleValue>
         </Value>
      </Row>
      <Row>
         <Value ColumnRef="code">
            <SimpleValue>009</SimpleValue>
         </Value>
         <Value ColumnRef="wert">
            <SimpleValue>Erzwingungshaft</SimpleValue>
         </Value>
      </Row>
      <Row>
         <Value ColumnRef="code">
            <SimpleValue>010</SimpleValue>
         </Value>
         <Value ColumnRef="wert">
            <SimpleValue>Familiensachen</SimpleValue>
         </Value>
      </Row>
      <Row>
         <Value ColumnRef="code">
            <SimpleValue>011</SimpleValue>
         </Value>
         <Value ColumnRef="wert">
            <SimpleValue>Führungsaufsicht</SimpleValue>
         </Value>
      </Row>
      <Row>
         <Value ColumnRef="code">
            <SimpleValue>012</SimpleValue>
         </Value>
         <Value ColumnRef="wert">
            <SimpleValue>Genossenschaftsregister</SimpleValue>
         </Value>
      </Row>
      <Row>
         <Value ColumnRef="code">
            <SimpleValue>013</SimpleValue>
         </Value>
         <Value ColumnRef="wert">
            <SimpleValue>Grundbuchsachen</SimpleValue>
         </Value>
      </Row>
      <Row>
         <Value ColumnRef="code">
            <SimpleValue>014</SimpleValue>
         </Value>
         <Value ColumnRef="wert">
            <SimpleValue>Güterrechtssachen</SimpleValue>
         </Value>
      </Row>
      <Row>
         <Value ColumnRef="code">
            <SimpleValue>015</SimpleValue>
         </Value>
         <Value ColumnRef="wert">
            <SimpleValue>Handelsregister</SimpleValue>
         </Value>
      </Row>
      <Row>
         <Value ColumnRef="code">
            <SimpleValue>016</SimpleValue>
         </Value>
         <Value ColumnRef="wert">
            <SimpleValue>Handelssachen</SimpleValue>
         </Value>
      </Row>
      <Row>
         <Value ColumnRef="code">
            <SimpleValue>017</SimpleValue>
         </Value>
         <Value ColumnRef="wert">
            <SimpleValue>Hinterlegungssachen</SimpleValue>
         </Value>
      </Row>
      <Row>
         <Value ColumnRef="code">
            <SimpleValue>018</SimpleValue>
         </Value>
         <Value ColumnRef="wert">
            <SimpleValue>Insolvenzsachen</SimpleValue>
         </Value>
      </Row>
      <Row>
         <Value ColumnRef="code">
            <SimpleValue>019</SimpleValue>
         </Value>
         <Value ColumnRef="wert">
            <SimpleValue>Jugendkammer</SimpleValue>
         </Value>
      </Row>
      <Row>
         <Value ColumnRef="code">
            <SimpleValue>020</SimpleValue>
         </Value>
         <Value ColumnRef="wert">
            <SimpleValue>Jugendrichter</SimpleValue>
         </Value>
      </Row>
      <Row>
         <Value ColumnRef="code">
            <SimpleValue>021</SimpleValue>
         </Value>
         <Value ColumnRef="wert">
            <SimpleValue>Jugendschöffensachen</SimpleValue>
         </Value>
      </Row>
      <Row>
         <Value ColumnRef="code">
            <SimpleValue>022</SimpleValue>
         </Value>
         <Value ColumnRef="wert">
            <SimpleValue>Landwirtschaftssachen</SimpleValue>
         </Value>
      </Row>
      <Row>
         <Value ColumnRef="code">
            <SimpleValue>023</SimpleValue>
         </Value>
         <Value ColumnRef="wert">
            <SimpleValue>Mahnsachen</SimpleValue>
         </Value>
      </Row>
      <Row>
         <Value ColumnRef="code">
            <SimpleValue>024</SimpleValue>
         </Value>
         <Value ColumnRef="wert">
            <SimpleValue>Musterregister</SimpleValue>
         </Value>
      </Row>
      <Row>
         <Value ColumnRef="code">
            <SimpleValue>025</SimpleValue>
         </Value>
         <Value ColumnRef="wert">
            <SimpleValue>Nachlasssachen</SimpleValue>
         </Value>
      </Row>
      <Row>
         <Value ColumnRef="code">
            <SimpleValue>026</SimpleValue>
         </Value>
         <Value ColumnRef="wert">
            <SimpleValue>OWi-Sachen</SimpleValue>
         </Value>
      </Row>
      <Row>
         <Value ColumnRef="code">
            <SimpleValue>027</SimpleValue>
         </Value>
         <Value ColumnRef="wert">
            <SimpleValue>Pachtsachen</SimpleValue>
         </Value>
      </Row>
      <Row>
         <Value ColumnRef="code">
            <SimpleValue>028</SimpleValue>
         </Value>
         <Value ColumnRef="wert">
            <SimpleValue>Partnerschaftsregister</SimpleValue>
         </Value>
      </Row>
      <Row>
         <Value ColumnRef="code">
            <SimpleValue>029</SimpleValue>
         </Value>
         <Value ColumnRef="wert">
            <SimpleValue>Privatklage</SimpleValue>
         </Value>
      </Row>
      <Row>
         <Value ColumnRef="code">
            <SimpleValue>030</SimpleValue>
         </Value>
         <Value ColumnRef="wert">
            <SimpleValue>Schiffsregistersachen</SimpleValue>
         </Value>
      </Row>
      <Row>
         <Value ColumnRef="code">
            <SimpleValue>031</SimpleValue>
         </Value>
         <Value ColumnRef="wert">
            <SimpleValue>Schöffensachen</SimpleValue>
         </Value>
      </Row>
      <Row>
         <Value ColumnRef="code">
            <SimpleValue>032</SimpleValue>
         </Value>
         <Value ColumnRef="wert">
            <SimpleValue>Schuldnerverzeichnissachen</SimpleValue>
         </Value>
      </Row>
      <Row>
         <Value ColumnRef="code">
            <SimpleValue>033</SimpleValue>
         </Value>
         <Value ColumnRef="wert">
            <SimpleValue>Schwurgerichtssachen</SimpleValue>
         </Value>
      </Row>
      <Row>
         <Value ColumnRef="code">
            <SimpleValue>034</SimpleValue>
         </Value>
         <Value ColumnRef="wert">
            <SimpleValue>Sonstige Sachen</SimpleValue>
         </Value>
      </Row>
      <Row>
         <Value ColumnRef="code">
            <SimpleValue>035</SimpleValue>
         </Value>
         <Value ColumnRef="wert">
            <SimpleValue>Spruchstellenverfahren</SimpleValue>
         </Value>
      </Row>
      <Row>
         <Value ColumnRef="code">
            <SimpleValue>036</SimpleValue>
         </Value>
         <Value ColumnRef="wert">
            <SimpleValue>Staatsschutzssachen</SimpleValue>
         </Value>
      </Row>
      <Row>
         <Value ColumnRef="code">
            <SimpleValue>037</SimpleValue>
         </Value>
         <Value ColumnRef="wert">
            <SimpleValue>Strafrichtersachen</SimpleValue>
         </Value>
      </Row>
      <Row>
         <Value ColumnRef="code">
            <SimpleValue>038</SimpleValue>
         </Value>
         <Value ColumnRef="wert">
            <SimpleValue>Strafvollstreckungssachen</SimpleValue>
         </Value>
      </Row>
      <Row>
         <Value ColumnRef="code">
            <SimpleValue>039</SimpleValue>
         </Value>
         <Value ColumnRef="wert">
            <SimpleValue>Unbekannt</SimpleValue>
         </Value>
      </Row>
      <Row>
         <Value ColumnRef="code">
            <SimpleValue>040</SimpleValue>
         </Value>
         <Value ColumnRef="wert">
            <SimpleValue>Urkundsachen</SimpleValue>
         </Value>
      </Row>
      <Row>
         <Value ColumnRef="code">
            <SimpleValue>041</SimpleValue>
         </Value>
         <Value ColumnRef="wert">
            <SimpleValue>Vereinsregister</SimpleValue>
         </Value>
      </Row>
      <Row>
         <Value ColumnRef="code">
            <SimpleValue>042</SimpleValue>
         </Value>
         <Value ColumnRef="wert">
            <SimpleValue>Vermögensverzeichnissachen</SimpleValue>
         </Value>
      </Row>
      <Row>
         <Value ColumnRef="code">
            <SimpleValue>043</SimpleValue>
         </Value>
         <Value ColumnRef="wert">
            <SimpleValue>Verteilungsverfahren</SimpleValue>
         </Value>
      </Row>
      <Row>
         <Value ColumnRef="code">
            <SimpleValue>044</SimpleValue>
         </Value>
         <Value ColumnRef="wert">
            <SimpleValue>Verwaltungssachen</SimpleValue>
         </Value>
      </Row>
      <Row>
         <Value ColumnRef="code">
            <SimpleValue>045</SimpleValue>
         </Value>
         <Value ColumnRef="wert">
            <SimpleValue>Vormundschaftssachen</SimpleValue>
         </Value>
      </Row>
      <Row>
         <Value ColumnRef="code">
            <SimpleValue>046</SimpleValue>
         </Value>
         <Value ColumnRef="wert">
            <SimpleValue>Wirtschaftsstrafsachen</SimpleValue>
         </Value>
      </Row>
      <Row>
         <Value ColumnRef="code">
            <SimpleValue>047</SimpleValue>
         </Value>
         <Value ColumnRef="wert">
            <SimpleValue>Zivilsachen</SimpleValue>
         </Value>
      </Row>
      <Row>
         <Value ColumnRef="code">
            <SimpleValue>048</SimpleValue>
         </Value>
         <Value ColumnRef="wert">
            <SimpleValue>Zwangsversteigerungssachen</SimpleValue>
         </Value>
      </Row>
      <Row>
         <Value ColumnRef="code">
            <SimpleValue>049</SimpleValue>
         </Value>
         <Value ColumnRef="wert">
            <SimpleValue>Zwangsverwaltungssachen</SimpleValue>
         </Value>
      </Row>
      <Row>
         <Value ColumnRef="code">
            <SimpleValue>050</SimpleValue>
         </Value>
         <Value ColumnRef="wert">
            <SimpleValue>Zwangsvollstreckungssachen</SimpleValue>
         </Value>
      </Row>
      <Row>
         <Value ColumnRef="code">
            <SimpleValue>051</SimpleValue>
         </Value>
         <Value ColumnRef="wert">
            <SimpleValue>Ordnungsgeld nach § 335 HGB</SimpleValue>
         </Value>
      </Row>
      <Row>
         <Value ColumnRef="code">
            <SimpleValue>052</SimpleValue>
         </Value>
         <Value ColumnRef="wert">
            <SimpleValue>Beschwerde</SimpleValue>
         </Value>
      </Row>
      <Row>
         <Value ColumnRef="code">
            <SimpleValue>053</SimpleValue>
         </Value>
         <Value ColumnRef="wert">
            <SimpleValue>Arbeitsgerichtssachen</SimpleValue>
         </Value>
      </Row>
      <Row>
         <Value ColumnRef="code">
            <SimpleValue>054</SimpleValue>
         </Value>
         <Value ColumnRef="wert">
            <SimpleValue>Finanzgerichtssachen</SimpleValue>
         </Value>
      </Row>
      <Row>
         <Value ColumnRef="code">
            <SimpleValue>055</SimpleValue>
         </Value>
         <Value ColumnRef="wert">
            <SimpleValue>Sozialgerichtssachen</SimpleValue>
         </Value>
      </Row>
      <Row>
         <Value ColumnRef="code">
            <SimpleValue>056</SimpleValue>
         </Value>
         <Value ColumnRef="wert">
            <SimpleValue>Verwaltungsgerichtssachen</SimpleValue>
         </Value>
      </Row>
      <Row>
         <Value ColumnRef="code">
            <SimpleValue>057</SimpleValue>
         </Value>
         <Value ColumnRef="wert">
            <SimpleValue>Gesellschaftsregister</SimpleValue>
         </Value>
      </Row>
      <Row>
         <Value ColumnRef="code">
            <SimpleValue>058</SimpleValue>
         </Value>
         <Value ColumnRef="wert">
            <SimpleValue>Unterbringungssachen</SimpleValue>
         </Value>
      </Row>
   </SimpleCodeList>
</gc:CodeList>
