<?xml version="1.0" encoding="UTF-8"?>
<gc:CodeList xmlns:gc="http://docs.oasis-open.org/codelist/ns/genericode/1.0/"
             xmlns:xoev-cl-3="http://xoev.de/schemata/genericode/3"
             xmlns:xsi="http://www.w3.org/2001/XMLSchema-instance">
   <Annotation>
      <Description>
         <xoev-cl-3:nameKurz>GDS.Vertraulichkeitsstufe</xoev-cl-3:nameKurz>
         <xoev-cl-3:beschreibung-codeliste>Diese Codeliste enthält die verschiedenen Vertraulichkeitsstufen.</xoev-cl-3:beschreibung-codeliste>
         <xoev-cl-3:herausgebernameKurz>AG IT-Standards</xoev-cl-3:herausgebernameKurz>
         <xoev-cl-3:beschreibung-versionCodeliste>Diese Codeliste bleibt bis auf weiteres auf Beschluß des Projektbüros der BLK-AG IT-Standards ohne Gültig-Ab-Datum auf dem Status "Entwurf".</xoev-cl-3:beschreibung-versionCodeliste>
         <xoev-cl-3:versionCodelistenHandbuch>1.1</xoev-cl-3:versionCodelistenHandbuch>
         <xoev-cl-3:aenderungZurVorversion>Der Schlüssel: 002 wurde von "sensibel" nach "vertraulich zu behandeln" umbenannt. In den Metadaten wurde der fehlerhafte Bezugsort gelöscht.</xoev-cl-3:aenderungZurVorversion>
      </Description>
   </Annotation>
   <Identification>
      <ShortName>gds.vertraulichkeitsstufe</ShortName>
      <LongName xml:lang="de-DE">GDS.Vertraulichkeitsstufe</LongName>
      <Version>1.1</Version>
      <CanonicalUri>urn:xoev-de:xjustiz:codeliste:gds.vertraulichkeitsstufe</CanonicalUri>
      <CanonicalVersionUri>urn:xoev-de:xjustiz:codeliste:gds.vertraulichkeitsstufe_1.1</CanonicalVersionUri>
      <Agency>
         <LongName xml:lang="de-DE">BLK-AG IT-Standards in der Justiz</LongName>
      </Agency>
   </Identification>
   <ColumnSet>
      <Column Id="code" Use="required">
         <ShortName>code</ShortName>
         <LongName xml:lang="de-DE">Schlüssel</LongName>
         <Data Type="string"/>
      </Column>
      <Column Id="wert" Use="required">
         <ShortName>wert</ShortName>
         <LongName xml:lang="de-DE">Wert</LongName>
         <Data Type="string"/>
      </Column>
      <Key Id="codeKey">
         <Annotation>
            <AppInfo>
               <xoev-cl-3:empfohleneCodeSpalte/>
            </AppInfo>
         </Annotation>
         <ShortName>codeKey</ShortName>
         <ColumnRef Ref="code"/>
      </Key>
   </ColumnSet>
   <SimpleCodeList>
      <Row>
         <Value ColumnRef="code">
            <SimpleValue>001</SimpleValue>
         </Value>
         <Value ColumnRef="wert">
            <SimpleValue>VS - NUR FÜR DEN DIENSTGEBRAUCH</SimpleValue>
         </Value>
      </Row>
      <Row>
         <Value ColumnRef="code">
            <SimpleValue>002</SimpleValue>
         </Value>
         <Value ColumnRef="wert">
            <SimpleValue>vertraulich zu behandeln</SimpleValue>
         </Value>
      </Row>
   </SimpleCodeList>
</gc:CodeList>
