<?xml version="1.0" encoding="ISO-8859-1"?>
<listOfCodelistConfiguration xmlns:xs="http://www.w3.org/2001/XMLSchema">
	<codelist type="type3">
		<xsdTypeName>Code.Fehler.Typ4</xsdTypeName>
		<technicalName/>
		<identifier/>
		<clFileName location="internal"/>
		<codeColumn>code</codeColumn>
		<valueColumn>wert</valueColumn>
	</codelist>
	<codelist type="type1">
		<xsdTypeName>Code.GDS.Aktenreferenzart</xsdTypeName>
		<technicalName>gds.aktenreferenzart</technicalName>
		<identifier>urn:xoev-de:xjustiz:codeliste:gds.aktenreferenzart</identifier>
		<xsdFileName>xjustiz_0010_cl_allgemein_3_6.xsd</xsdFileName>
		<version>2.1</version>
	</codelist>
	<codelist type="type1">
		<xsdTypeName>Code.GDS.Aktentyp</xsdTypeName>
		<technicalName>gds.aktentyp</technicalName>
		<identifier>urn:xoev-de:xjustiz:codeliste:gds.aktentyp</identifier>
		<xsdFileName>xjustiz_0010_cl_allgemein_3_6.xsd</xsdFileName>
		<version>2.2</version>
	</codelist>
	<codelist type="type1">
		<xsdTypeName>Code.GDS.Aktenzeichenart</xsdTypeName>
		<technicalName>gds.aktenzeichenart</technicalName>
		<identifier>urn:xoev-de:xjustiz:codeliste:gds.aktenzeichenart</identifier>
		<xsdFileName>xjustiz_0010_cl_allgemein_3_6.xsd</xsdFileName>
		<version>2.0</version>
	</codelist>
	<codelist type="type1">
		<xsdTypeName>Code.GDS.Anschriftstyp</xsdTypeName>
		<technicalName>gds.anschriftstyp</technicalName>
		<identifier>urn:xoev-de:xjustiz:codeliste:gds.anschriftstyp</identifier>
		<xsdFileName>xjustiz_0010_cl_allgemein_3_6.xsd</xsdFileName>
		<version>3.0</version>
	</codelist>
	<codelist type="type3">
		<xsdTypeName>Code.GDS.Auskunft.Vollstreckungssachen.Fehler.Typ3</xsdTypeName>
		<technicalName>gds.auskunft.vollstreckungssachen.fehler</technicalName>
		<identifier>urn:xoev-de:xjustiz:codeliste:gds.auskunft.vollstreckungssachen.fehler</identifier>
		<clFileName location="internal"/>
		<codeColumn>code</codeColumn>
		<valueColumn>wert</valueColumn>
	</codelist>
	<codelist type="type3">
		<xsdTypeName>Code.GDS.Ausweisart.Typ3</xsdTypeName>
		<technicalName>gds.ausweisart</technicalName>
		<identifier>urn:xoev-de:xjustiz:codeliste:gds.ausweisart</identifier>
		<clFileName location="internal"/>
		<codeColumn>code</codeColumn>
		<valueColumn>wert</valueColumn>
	</codelist>
	<codelist type="type3">
		<xsdTypeName>Code.GDS.BRIS-ListOfRegisters.Typ3</xsdTypeName>
		<technicalName>gds.bris-listofregisters</technicalName>
		<identifier>urn:xoev-de:xjustiz:codeliste:gds.bris-listofregisters</identifier>
		<clFileName location="internal">GDS.BRIS-ListOfRegisters-2.0.xml</clFileName>
		<codeColumn>Register-identifier</codeColumn>
		<valueColumn>Original-language-name-of-register</valueColumn>
	</codelist>
	<codelist type="type1">
		<xsdTypeName>Code.GDS.Bestandteiltyp</xsdTypeName>
		<technicalName>gds.bestandteiltyp</technicalName>
		<identifier>urn:xoev-de:xjustiz:codeliste:gds.bestandteiltyp</identifier>
		<xsdFileName>xjustiz_0010_cl_allgemein_3_6.xsd</xsdFileName>
		<version>2.4</version>
	</codelist>
	<codelist type="type3">
		<xsdTypeName>Code.GDS.Bundesland.Typ3</xsdTypeName>
		<technicalName>bundesland</technicalName>
		<identifier>urn:de:bund:destatis:bevoelkerungsstatistik:schluessel:bundesland</identifier>
		<clFileName location="internal"/>
		<codeColumn>code</codeColumn>
		<valueColumn>wert</valueColumn>
	</codelist>
	<codelist type="type3">
		<xsdTypeName>Code.GDS.Datentyp.Typ3</xsdTypeName>
		<technicalName>datentyp</technicalName>
		<identifier>urn:xoev-de:xdomea:codeliste:datentyp</identifier>
		<clFileName location="internal"/>
		<codeColumn>code</codeColumn>
		<valueColumn>wert</valueColumn>
	</codelist>
	<codelist type="type3">
		<xsdTypeName>Code.GDS.Dienstbezeichnung.Typ3</xsdTypeName>
		<technicalName>gds.dienstbezeichnung</technicalName>
		<identifier>urn:xoev-de:xjustiz:codeliste:gds.dienstbezeichnung</identifier>
		<clFileName location="internal">GDS.Dienstbezeichnung-1.0.xml</clFileName>
		<codeColumn>code</codeColumn>
		<valueColumn>wert</valueColumn>
	</codelist>
	<codelist type="type3">
		<xsdTypeName>Code.GDS.Dokumentklasse.Typ3</xsdTypeName>
		<technicalName>gds.dokumentklasse</technicalName>
		<identifier>urn:xoev-de:xjustiz:codeliste:gds.dokumentklasse</identifier>
		<clFileName location="internal">GDS.Dokumentklasse-1.3.xml</clFileName>
		<codeColumn>code</codeColumn>
		<valueColumn>wert</valueColumn>
	</codelist>
	<codelist type="type3">
		<xsdTypeName>Code.GDS.Dokumenttyp.Typ3</xsdTypeName>
		<technicalName>gds.dokumenttyp</technicalName>
		<identifier>urn:xoev-de:xjustiz:codeliste:gds.dokumenttyp</identifier>
		<clFileName location="internal">GDS.Dokumenttyp_3.7.xml</clFileName>
		<codeColumn>code</codeColumn>
		<valueColumn>wert</valueColumn>
	</codelist>
	<codelist type="type3">
		<xsdTypeName>Code.GDS.Entscheidungsart.Typ3</xsdTypeName>
		<technicalName>gds.entscheidungsart</technicalName>
		<identifier>urn:xoev-de:xjustiz:codeliste:gds.entscheidungsart</identifier>
		<clFileName location="internal"/>
		<codeColumn>code</codeColumn>
		<valueColumn>wert</valueColumn>
	</codelist>
	<codelist type="type3">
		<xsdTypeName>Code.GDS.Ereignis.Typ3</xsdTypeName>
		<technicalName>gds.ereignis</technicalName>
		<identifier>urn:xoev-de:xjustiz:codeliste:gds.ereignis</identifier>
		<clFileName location="internal">GDS.Ereignis-1.10.xml</clFileName>
		<codeColumn>code</codeColumn>
		<valueColumn>wert</valueColumn>
	</codelist>
	<codelist type="type3">
		<xsdTypeName>Code.GDS.FachlicherZusammenhang.Typ3</xsdTypeName>
		<technicalName>gds.fachlicher-zusammenhang</technicalName>
		<identifier>urn:xoev-de:xjustiz:codeliste:gds.fachlicher-zusammenhang</identifier>
		<clFileName location="internal"/>
		<codeColumn>code</codeColumn>
		<valueColumn>wert</valueColumn>
	</codelist>
	<codelist type="type1">
		<xsdTypeName>Code.GDS.Familienstand</xsdTypeName>
		<technicalName>gds.familienstand</technicalName>
		<identifier>urn:xoev-de:xjustiz:codeliste:gds.familienstand</identifier>
		<xsdFileName>xjustiz_0010_cl_allgemein_3_6.xsd</xsdFileName>
		<version>2.0</version>
	</codelist>
	<codelist type="type3">
		<xsdTypeName>Code.GDS.Fehlercodes.Typ3</xsdTypeName>
		<technicalName>gds.fehlercodes</technicalName>
		<identifier>urn:xoev-de:xjustiz:codeliste:gds.fehlercodes</identifier>
		<clFileName location="internal"/>
		<codeColumn>code</codeColumn>
		<valueColumn>wert</valueColumn>
	</codelist>
	<codelist type="type1">
		<xsdTypeName>Code.GDS.Forderungsteil</xsdTypeName>
		<technicalName>gds.forderungsteil</technicalName>
		<identifier>urn:xoev-de:xjustiz:codeliste:gds.forderungsteil</identifier>
		<xsdFileName>xjustiz_0010_cl_allgemein_3_6.xsd</xsdFileName>
		<version>1.0</version>
	</codelist>
	<codelist type="type1">
		<xsdTypeName>Code.GDS.Geschlecht</xsdTypeName>
		<technicalName>gds.geschlecht</technicalName>
		<identifier>urn:xoev-de:xjustiz:codeliste:gds.geschlecht</identifier>
		<xsdFileName>xjustiz_0010_cl_allgemein_3_6.xsd</xsdFileName>
		<version>2.1</version>
	</codelist>
	<codelist type="type3">
		<xsdTypeName>Code.GDS.INSO.IRI.Fehlercode.Typ3</xsdTypeName>
		<technicalName>inso.iri.fehlercode</technicalName>
		<identifier>urn:xoev-de:xjustiz:codeliste:inso.iri.fehlercode</identifier>
		<clFileName location="internal"/>
		<codeColumn>code</codeColumn>
		<valueColumn>wert</valueColumn>
	</codelist>
	<codelist type="type1">
		<xsdTypeName>Code.GDS.Intervall</xsdTypeName>
		<technicalName>gds.intervall</technicalName>
		<identifier>urn:xoev-de:xjustiz:codeliste:gds.intervall</identifier>
		<xsdFileName>xjustiz_0010_cl_allgemein_3_6.xsd</xsdFileName>
		<version>2.0</version>
	</codelist>
	<codelist type="type1">
		<xsdTypeName>Code.GDS.Kanzleiform</xsdTypeName>
		<technicalName>gds.kanzleiform</technicalName>
		<identifier>urn:xoev-de:xjustiz:codeliste:gds.kanzleiform</identifier>
		<xsdFileName>xjustiz_0010_cl_allgemein_3_6.xsd</xsdFileName>
		<version>2.0</version>
	</codelist>
	<codelist type="type1">
		<xsdTypeName>Code.GDS.Lastschrifttyp</xsdTypeName>
		<technicalName>gds.lastschrifttyp</technicalName>
		<identifier>urn:xoev-de:xjustiz:codeliste:gds.lastschrifttyp</identifier>
		<xsdFileName>xjustiz_0010_cl_allgemein_3_6.xsd</xsdFileName>
		<version>1.0</version>
	</codelist>
	<codelist type="type3">
		<xsdTypeName>Code.GDS.Polizeibehoerden.Typ3</xsdTypeName>
		<technicalName>gds.polizeibehoerden</technicalName>
		<identifier>urn:xoev-de:xjustiz:codeliste:gds.polizeibehoerden</identifier>
		<clFileName location="internal"/>
		<codeColumn>code</codeColumn>
		<valueColumn>wert</valueColumn>
	</codelist>
	<codelist type="type1">
		<xsdTypeName>Code.GDS.RVTraeger</xsdTypeName>
		<technicalName>gds.rvtraeger</technicalName>
		<identifier>urn:xoev-de:xjustiz:codeliste:gds.rvtraeger</identifier>
		<xsdFileName>xjustiz_0010_cl_allgemein_3_6.xsd</xsdFileName>
		<version>2.0</version>
	</codelist>
	<codelist type="type3">
		<xsdTypeName>Code.GDS.Rechtsmittelart.Typ3</xsdTypeName>
		<technicalName>gds.rechtsmittelart</technicalName>
		<identifier>urn:xoev-de:xjustiz:codeliste:gds.rechtsmittelart</identifier>
		<clFileName location="internal"/>
		<codeColumn>code</codeColumn>
		<valueColumn>wert</valueColumn>
	</codelist>
	<codelist type="type3">
		<xsdTypeName>Code.GDS.Sachgebiet.Typ3</xsdTypeName>
		<technicalName>gds.sachgebiet</technicalName>
		<identifier>urn:xoev-de:xjustiz:codeliste:gds.sachgebiet</identifier>
		<clFileName location="internal">GDS.Sachgebiet_2.3.xml</clFileName>
		<codeColumn>code</codeColumn>
		<valueColumn>wert</valueColumn>
	</codelist>
	<codelist type="type3">
		<xsdTypeName>Code.GDS.Sendungsprioritaet.Typ3</xsdTypeName>
		<technicalName>gds.sendungsprioritaet</technicalName>
		<identifier>urn:xoev-de:xjustiz:codeliste:gds.sendungsprioritaet</identifier>
		<clFileName location="internal"/>
		<codeColumn>code</codeColumn>
		<valueColumn>wert</valueColumn>
	</codelist>
	<codelist type="type1">
		<xsdTypeName>Code.GDS.Sprachen</xsdTypeName>
		<technicalName>gds.sprachen</technicalName>
		<identifier>urn:xoev-de:xjustiz:codeliste:gds.sprachen</identifier>
		<xsdFileName>xjustiz_0010_cl_allgemein_3_6.xsd</xsdFileName>
		<version>2.1</version>
	</codelist>
	<codelist type="type1">
		<xsdTypeName>Code.GDS.Teilaktentyp</xsdTypeName>
		<technicalName>gds.teilaktentyp</technicalName>
		<identifier>urn:xoev-de:xjustiz:codeliste:gds.teilaktentyp</identifier>
		<xsdFileName>xjustiz_0010_cl_allgemein_3_6.xsd</xsdFileName>
		<version>2.2</version>
	</codelist>
	<codelist type="type1">
		<xsdTypeName>Code.GDS.Terminsart</xsdTypeName>
		<technicalName>gds.terminsart</technicalName>
		<identifier>urn:xoev-de:xjustiz:codeliste:gds.terminsart</identifier>
		<xsdFileName>xjustiz_0010_cl_allgemein_3_6.xsd</xsdFileName>
		<version>2.1</version>
	</codelist>
	<codelist type="type1">
		<xsdTypeName>Code.GDS.Terminskategorie</xsdTypeName>
		<technicalName>gds.terminskategorie</technicalName>
		<identifier>urn:xoev-de:xjustiz:codeliste:gds.terminskategorie</identifier>
		<xsdFileName>xjustiz_0010_cl_allgemein_3_6.xsd</xsdFileName>
		<version>1.0</version>
	</codelist>
	<codelist type="type3">
		<xsdTypeName>Code.GDS.Urkundentyp.Typ3</xsdTypeName>
		<technicalName>gds.urkundentyp</technicalName>
		<identifier>urn:xoev-de:xjustiz:codeliste:gds.urkundentyp</identifier>
		<clFileName location="internal">GDS.Urkundentyp_1.0.xml</clFileName>
		<codeColumn>code</codeColumn>
		<valueColumn>wert</valueColumn>
	</codelist>
	<codelist type="type3">
		<xsdTypeName>Code.GDS.VAG.Fehler.Typ3</xsdTypeName>
		<technicalName>vag.fehler</technicalName>
		<identifier>urn:xoev-de:xjustiz:codeliste:vag.fehler</identifier>
		<clFileName location="internal"/>
		<codeColumn>code</codeColumn>
		<valueColumn>wert</valueColumn>
	</codelist>
	<codelist type="type3">
		<xsdTypeName>Code.GDS.Vertraulichkeitsstufe.Typ3</xsdTypeName>
		<technicalName>gds.vertraulichkeitsstufe</technicalName>
		<identifier>urn:xoev-de:xjustiz:codeliste:gds.vertraulichkeitsstufe</identifier>
		<clFileName location="internal">GDS.Vertraulichkeitsstufe_1.1.xml</clFileName>
		<codeColumn>code</codeColumn>
		<valueColumn>wert</valueColumn>
	</codelist>
	<codelist type="type1">
		<xsdTypeName>Code.GDS.Verweistyp</xsdTypeName>
		<technicalName>gds.verweistyp</technicalName>
		<identifier>urn:xoev-de:xjustiz:codeliste:gds.verweistyp</identifier>
		<xsdFileName>xjustiz_0010_cl_allgemein_3_6.xsd</xsdFileName>
		<version>2.0</version>
	</codelist>
	<codelist type="type3">
		<xsdTypeName>Code.GDS.Waehrung.Typ3</xsdTypeName>
		<technicalName>waehrung</technicalName>
		<identifier>urn:xoev-de:bund:kba:codeliste:waehrung</identifier>
		<clFileName location="internal">Waehrung-1_0.xml</clFileName>
		<codeColumn>CodeID</codeColumn>
		<valueColumn>CodeName</valueColumn>
	</codelist>
	<codelist type="type1">
		<xsdTypeName>Code.GDS.Zinsberechnung</xsdTypeName>
		<technicalName>gds.zinsberechnung</technicalName>
		<identifier>urn:xoev-de:xjustiz:codeliste:gds.zinsberechnung</identifier>
		<xsdFileName>xjustiz_0010_cl_allgemein_3_6.xsd</xsdFileName>
		<version>2.0</version>
	</codelist>
	<codelist type="type1">
		<xsdTypeName>Code.GDS.Zinstyp</xsdTypeName>
		<technicalName>gds.zinstyp</technicalName>
		<identifier>urn:xoev-de:xjustiz:codeliste:gds.zinstyp</identifier>
		<xsdFileName>xjustiz_0010_cl_allgemein_3_6.xsd</xsdFileName>
		<version>2.0</version>
	</codelist>
	<codelist type="type3">
		<xsdTypeName>Code.GDS.Gerichte.Typ3</xsdTypeName>
		<technicalName>gds.gerichte</technicalName>
		<identifier>urn:xoev-de:xjustiz:codeliste:gds.gerichte</identifier>
		<clFileName location="internal">GDS.Gerichte-3.6.xml</clFileName>
		<codeColumn>code</codeColumn>
		<valueColumn>wert</valueColumn>
	</codelist>
	<codelist type="type3">
		<xsdTypeName>Code.GDS.Rechtsform.Typ3</xsdTypeName>
		<technicalName>rechtsformen</technicalName>
		<identifier>urn:xoev-de:xunternehmen:codeliste:rechtsformen</identifier>
		<clFileName location="internal">Rechtsformen-2.2.xml</clFileName>
		<codeColumn>Code</codeColumn>
		<valueColumn>Bezeichnung-lang</valueColumn>
	</codelist>
	<codelist type="type3">
		<xsdTypeName>Code.GDS.Rollenbezeichnung.Typ3</xsdTypeName>
		<technicalName>gds.rollenbezeichnung</technicalName>
		<identifier>urn:xoev-de:xjustiz:codeliste:gds.rollenbezeichnung</identifier>
		<clFileName location="internal">GDS.Rollenbezeichnung-3.5.xml</clFileName>
		<codeColumn>code</codeColumn>
		<valueColumn>wert</valueColumn>
	</codelist>
	<codelist type="type3">
		<xsdTypeName>Code.GDS.Staaten.Typ3</xsdTypeName>
		<technicalName>bfj.staat</technicalName>
		<identifier>urn:xoev-de:bund:bfj:codeliste:bfj.staat</identifier>
		<clFileName location="internal">BfJ Staat-6.1.xml</clFileName>
		<codeColumn>schluessel</codeColumn>
		<valueColumn>staat-oder-gebiet</valueColumn>
	</codelist>
	<codelist type="type1">
		<xsdTypeName>Code.GDS.Telekommunikationsart</xsdTypeName>
		<technicalName>gds.telekommunikationsart</technicalName>
		<identifier>urn:xoev-de:xjustiz:codeliste:gds.telekommunikationsart</identifier>
		<xsdFileName>xjustiz_0060_cl_telekommunikation_3_0.xsd</xsdFileName>
		<version>2.2</version>
	</codelist>
	<codelist type="type1">
		<xsdTypeName>Code.GDS.Telekommunikationszusatz</xsdTypeName>
		<technicalName>gds.telekommunikationszusatz</technicalName>
		<identifier>urn:xoev-de:xjustiz:codeliste:gds.telekommunikationszusatz</identifier>
		<xsdFileName>xjustiz_0060_cl_telekommunikation_3_0.xsd</xsdFileName>
		<version>2.0</version>
	</codelist>
	<codelist type="type1">
		<xsdTypeName>Code.GDS.Registerart</xsdTypeName>
		<technicalName>gds.registerart</technicalName>
		<identifier>urn:xoev-de:xjustiz:codeliste:gds.registerart</identifier>
		<xsdFileName>xjustiz_0080_cl_register_3_2.xsd</xsdFileName>
		<version>1.2</version>
	</codelist>
	<codelist type="type3">
		<xsdTypeName>Code.GDS.Registerzeichen.Typ3</xsdTypeName>
		<technicalName>gds.registerzeichen</technicalName>
		<identifier>urn:xoev-de:xjustiz:codeliste:gds.registerzeichen</identifier>
		<clFileName location="internal">GDS.Registerzeichen-3.4.xml</clFileName>
		<codeColumn>code</codeColumn>
		<valueColumn>wert</valueColumn>
	</codelist>
	<codelist type="type1">
		<xsdTypeName>Code.GDS.Personalstatut</xsdTypeName>
		<technicalName>gds.personalstatut</technicalName>
		<identifier>urn:xoev-de:xjustiz:codeliste:gds.personalstatut</identifier>
		<xsdFileName>xjustiz_0095_cl_personalstatut_3_0.xsd</xsdFileName>
		<version>2.0</version>
	</codelist>
	<codelist type="type3">
		<xsdTypeName>Code.REG.Dokumentstatus.Typ3</xsdTypeName>
		<technicalName>reg.dokumentstatus</technicalName>
		<identifier>urn:xoev-de:xjustiz:codeliste:reg.dokumentstatus</identifier>
		<clFileName location="internal">REG.Dokumentstatus_2_0.xml</clFileName>
		<codeColumn>Schluessel</codeColumn>
		<valueColumn>Wert</valueColumn>
	</codelist>
	<codelist type="type3">
		<xsdTypeName>Code.REG.Eintragungstyp.Typ3</xsdTypeName>
		<technicalName>reg.eintragungstyp</technicalName>
		<identifier>urn:xoev-de:xjustiz:codeliste:reg.eintragungstyp</identifier>
		<clFileName location="internal">REG.Eintragungstyp-1.1.xml</clFileName>
		<codeColumn>Schluessel</codeColumn>
		<valueColumn>Wert</valueColumn>
	</codelist>
	<codelist type="type3">
		<xsdTypeName>Code.REG.Registerzeichenwechselgrund.Typ3</xsdTypeName>
		<technicalName>reg.registerzeichenwechselgrund</technicalName>
		<identifier>urn:xoev-de:xjustiz:codeliste:reg.registerzeichenwechselgrund</identifier>
		<clFileName location="internal">REG.Registerzeichenwechselgrund-1.0.xml</clFileName>
		<codeColumn>Schluessel</codeColumn>
		<valueColumn>Wert</valueColumn>
	</codelist>
	<codelist type="type3">
		<xsdTypeName>Code.REG.Status_Rechtstraeger.Typ3</xsdTypeName>
		<technicalName>reg.status-rechtstraeger</technicalName>
		<identifier>urn:xoev-de:xjustiz:codeliste:reg.status-rechtstraeger</identifier>
		<clFileName location="internal">REG.Status_Rechtstraeger_2.0.xml</clFileName>
		<codeColumn>Schluessel</codeColumn>
		<valueColumn>Wert</valueColumn>
	</codelist>
	<codelist type="type3">
		<xsdTypeName>Code.REG.Vertragsart.Typ3</xsdTypeName>
		<technicalName>reg.vertragsart</technicalName>
		<identifier>urn:xoev-de:xjustiz:codeliste:reg.vertragsart</identifier>
		<clFileName location="internal">REG.Vertragsart_1.0.xml</clFileName>
		<codeColumn>Schluessel</codeColumn>
		<valueColumn>Wert</valueColumn>
	</codelist>
	<codelist type="type3">
		<xsdTypeName>Code.REG.Allgemeine_Befreiung.Typ3</xsdTypeName>
		<technicalName>reg.allgemeine-befreiung</technicalName>
		<identifier>urn:xoev-de:xjustiz:codeliste:reg.allgemeine-befreiung</identifier>
		<clFileName location="internal">REG.Allgemeine_Befreiung-2.4.xml</clFileName>
		<codeColumn>code</codeColumn>
		<valueColumn>wert</valueColumn>
	</codelist>
	<codelist type="type3">
		<xsdTypeName>Code.REG.Allgemeine_Vertretungsregelung.Typ3</xsdTypeName>
		<technicalName>reg.allgemeine-vertretungsregelung</technicalName>
		<identifier>urn:xoev-de:xjustiz:codeliste:reg.allgemeine-vertretungsregelung</identifier>
		<clFileName location="internal">REG.Allgemeine_Vertretungsregelung-2.3.xml</clFileName>
		<codeColumn>code</codeColumn>
		<valueColumn>wert</valueColumn>
	</codelist>
	<codelist type="type3">
		<xsdTypeName>Code.REG.Besondere_Befreiung.Typ3</xsdTypeName>
		<technicalName>reg.besondere-befreiung</technicalName>
		<identifier>urn:xoev-de:xjustiz:codeliste:reg.besondere-befreiung</identifier>
		<clFileName location="internal">REG.Besondere_Befreiung-2.2.xml</clFileName>
		<codeColumn>code</codeColumn>
		<valueColumn>wert</valueColumn>
	</codelist>
	<codelist type="type3">
		<xsdTypeName>Code.REG.Besondere_Vertretungsregelung.Typ3</xsdTypeName>
		<technicalName>reg.besondere-vertretungsregelung</technicalName>
		<identifier>urn:xoev-de:xjustiz:codeliste:reg.besondere-vertretungsregelung</identifier>
		<clFileName location="internal">REG.Besondere_Vertretungsregelung-2.3.xml</clFileName>
		<codeColumn>code</codeColumn>
		<valueColumn>wert</valueColumn>
	</codelist>
	<codelist type="type3">
		<xsdTypeName>Code.REG.Sachliche_Erweiterung_Prokura.Typ3</xsdTypeName>
		<technicalName>reg.sachliche-erweiterung-prokura</technicalName>
		<identifier>urn:xoev-de:xjustiz:codeliste:reg.sachliche-erweiterung-prokura</identifier>
		<clFileName location="internal">REG.Sachliche_Erweiterung_Prokura_2.0.xml</clFileName>
		<codeColumn>Schluessel</codeColumn>
		<valueColumn>Wert</valueColumn>
	</codelist>
</listOfCodelistConfiguration>