<?xml version="1.0" encoding="UTF-8"?>
<gc:CodeList xmlns:gc="http://docs.oasis-open.org/codelist/ns/genericode/1.0/"
             xmlns:xoev-cl-4="http://xoev.de/schemata/genericode/4"
             xmlns:xsi="http://www.w3.org/2001/XMLSchema-instance">
   <Annotation>
      <Description>
         <xoev-cl-4:shortName>REG.Allgemeine_Befreiung</xoev-cl-4:shortName>
         <xoev-cl-4:codelistDescription>Beschreibt die im Handels-, Genossenschafts-, Partnerschafts- und Vereinsregister einzutragenden Befreiungen von § 181 BGB zur allgemeinen Vertretungsregelung.</xoev-cl-4:codelistDescription>
         <xoev-cl-4:agencyShortName>AG IT-Standards</xoev-cl-4:agencyShortName>
         <xoev-cl-4:validFrom>2023-07-20</xoev-cl-4:validFrom>
         <xoev-cl-4:versionHandbook>1.2</xoev-cl-4:versionHandbook>
         <xoev-cl-4:changes>Es wurden sechs neue Einträge mit den weiteren Codes 083 bis 088 hinzugefügt. Außerdem wurde die Codeliste auf die Version 1.2 des Codelistenhandbuchs aktualisiert.</xoev-cl-4:changes>
      </Description>
   </Annotation>
   <Identification>
      <ShortName>reg.allgemeine-befreiung</ShortName>
      <LongName>REG.Allgemeine_Befreiung</LongName>
      <Version>2.4</Version>
      <CanonicalUri>urn:xoev-de:xjustiz:codeliste:reg.allgemeine-befreiung</CanonicalUri>
      <CanonicalVersionUri>urn:xoev-de:xjustiz:codeliste:reg.allgemeine-befreiung_2.4</CanonicalVersionUri>
      <Agency>
         <LongName>BLK-AG IT-Standards in der Justiz</LongName>
      </Agency>
   </Identification>
   <ColumnSet>
      <Column Id="code" Use="required">
         <ShortName>code</ShortName>
         <LongName>Schlüssel</LongName>
         <Data Type="string"/>
      </Column>
      <Column Id="wert" Use="required">
         <ShortName>wert</ShortName>
         <LongName>Wert</LongName>
         <Data Type="string"/>
      </Column>
      <Key Id="codeKey">
         <Annotation>
            <AppInfo>
               <xoev-cl-4:recommendedKeyColumn/>
            </AppInfo>
         </Annotation>
         <ShortName>codeKey</ShortName>
         <ColumnRef Ref="code"/>
      </Key>
   </ColumnSet>
   <SimpleCodeList>
      <Row>
         <Value ColumnRef="code">
            <SimpleValue>001</SimpleValue>
         </Value>
         <Value ColumnRef="wert">
            <SimpleValue>Ist nur ein geschäftsführender Direktor bestellt, ist er befugt, im Namen der Gesellschaft mit sich als Vertreter eines Dritten Rechtsgeschäfte vorzunehmen.</SimpleValue>
         </Value>
      </Row>
      <Row>
         <Value ColumnRef="code">
            <SimpleValue>002</SimpleValue>
         </Value>
         <Value ColumnRef="wert">
            <SimpleValue>Ist nur ein Geschäftsführer bestellt, ist er befugt, im Namen der Gesellschaft mit sich als Vertreter eines Dritten Rechtsgeschäfte vorzunehmen.</SimpleValue>
         </Value>
      </Row>
      <Row>
         <Value ColumnRef="code">
            <SimpleValue>003</SimpleValue>
         </Value>
         <Value ColumnRef="wert">
            <SimpleValue>Ist nur ein Geschäftsführer bestellt, ist er befugt, im Namen der Gesellschaft mit sich im eigenen Namen oder als Vertreter eines Dritten Rechtsgeschäfte vorzunehmen.</SimpleValue>
         </Value>
      </Row>
      <Row>
         <Value ColumnRef="code">
            <SimpleValue>004</SimpleValue>
         </Value>
         <Value ColumnRef="wert">
            <SimpleValue>Ist nur ein Geschäftsführer bestellt, ist er befugt, im Namen der Gesellschaft mit sich im eigenen Namen Rechtsgeschäfte vorzunehmen.</SimpleValue>
         </Value>
      </Row>
      <Row>
         <Value ColumnRef="code">
            <SimpleValue>005</SimpleValue>
         </Value>
         <Value ColumnRef="wert">
            <SimpleValue>Ist nur ein Mitglied des Leitungsorgans bestellt, ist es befugt, im Namen der Gesellschaft mit sich als Vertreter eines Dritten Rechtsgeschäfte vorzunehmen.</SimpleValue>
         </Value>
      </Row>
      <Row>
         <Value ColumnRef="code">
            <SimpleValue>006</SimpleValue>
         </Value>
         <Value ColumnRef="wert">
            <SimpleValue>Ist nur ein Vorstandsmitglied bestellt, ist es befugt, im Namen der Gesellschaft mit sich als Vertreter eines Dritten Rechtsgeschäfte vorzunehmen.</SimpleValue>
         </Value>
      </Row>
      <Row>
         <Value ColumnRef="code">
            <SimpleValue>007</SimpleValue>
         </Value>
         <Value ColumnRef="wert">
            <SimpleValue>Jeder Abwickler ist befugt, im Namen der Genossenschaft mit sich als Vertreter eines Dritten Rechtsgeschäfte vorzunehmen.</SimpleValue>
         </Value>
      </Row>
      <Row>
         <Value ColumnRef="code">
            <SimpleValue>008</SimpleValue>
         </Value>
         <Value ColumnRef="wert">
            <SimpleValue>Jeder Abwickler ist befugt, im Namen der Gesellschaft mit sich als Vertreter eines Dritten Rechtsgeschäfte vorzunehmen.</SimpleValue>
         </Value>
      </Row>
      <Row>
         <Value ColumnRef="code">
            <SimpleValue>009</SimpleValue>
         </Value>
         <Value ColumnRef="wert">
            <SimpleValue>Jeder Abwickler ist befugt, im Namen der Gesellschaft mit sich im eigenen Namen oder als Vertreter eines Dritten Rechtsgeschäfte vorzunehmen.</SimpleValue>
         </Value>
      </Row>
      <Row>
         <Value ColumnRef="code">
            <SimpleValue>010</SimpleValue>
         </Value>
         <Value ColumnRef="wert">
            <SimpleValue>Jeder Abwickler ist befugt, im Namen der Gesellschaft mit sich im eigenen Namen Rechtsgeschäfte vorzunehmen.</SimpleValue>
         </Value>
      </Row>
      <Row>
         <Value ColumnRef="code">
            <SimpleValue>011</SimpleValue>
         </Value>
         <Value ColumnRef="wert">
            <SimpleValue>Jeder Abwickler ist befugt, im Namen der Vereinigung mit sich als Vertreter eines Dritten Rechtsgeschäfte vorzunehmen.</SimpleValue>
         </Value>
      </Row>
      <Row>
         <Value ColumnRef="code">
            <SimpleValue>012</SimpleValue>
         </Value>
         <Value ColumnRef="wert">
            <SimpleValue>Jeder Abwickler ist befugt, im Namen der Vereinigung mit sich im eigenen Namen oder als Vertreter eines Dritten Rechtsgeschäfte vorzunehmen.</SimpleValue>
         </Value>
      </Row>
      <Row>
         <Value ColumnRef="code">
            <SimpleValue>013</SimpleValue>
         </Value>
         <Value ColumnRef="wert">
            <SimpleValue>Jeder Abwickler ist befugt, im Namen der Vereinigung mit sich im eigenen Namen Rechtgeschäfte vorzunehmen.</SimpleValue>
         </Value>
      </Row>
      <Row>
         <Value ColumnRef="code">
            <SimpleValue>014</SimpleValue>
         </Value>
         <Value ColumnRef="wert">
            <SimpleValue>Jeder Abwickler ist befugt, im Namen des Versicherungsvereins mit sich als Vertreter eines Dritten Rechtsgeschäfte vorzunehmen</SimpleValue>
         </Value>
      </Row>
      <Row>
         <Value ColumnRef="code">
            <SimpleValue>015</SimpleValue>
         </Value>
         <Value ColumnRef="wert">
            <SimpleValue>Jeder geschäftsführende Direktor ist befugt, im Namen der Genossenschaft mit sich als Vertreter eines Dritten Rechtsgeschäfte vorzunehmen.</SimpleValue>
         </Value>
      </Row>
      <Row>
         <Value ColumnRef="code">
            <SimpleValue>016</SimpleValue>
         </Value>
         <Value ColumnRef="wert">
            <SimpleValue>Jeder geschäftsführende Direktor ist befugt, im Namen der Gesellschaft mit sich als Vertreter eines Dritten Rechtsgeschäfte vorzunehmen.</SimpleValue>
         </Value>
      </Row>
      <Row>
         <Value ColumnRef="code">
            <SimpleValue>017</SimpleValue>
         </Value>
         <Value ColumnRef="wert">
            <SimpleValue>Jeder Geschäftsführer einer persönlich haftenden Gesellschafterin ist befugt, im Namen der Gesellschaft mit sich als Vertreter eines Dritten Rechtsgeschäfte vorzunehmen.</SimpleValue>
         </Value>
      </Row>
      <Row>
         <Value ColumnRef="code">
            <SimpleValue>018</SimpleValue>
         </Value>
         <Value ColumnRef="wert">
            <SimpleValue>Jeder Geschäftsführer einer persönlich haftenden Gesellschafterin ist befugt, im Namen der Gesellschaft mit sich im eigenen Namen oder als Vertreter eines Dritten Rechtsgeschäfte vorzunehmen.</SimpleValue>
         </Value>
      </Row>
      <Row>
         <Value ColumnRef="code">
            <SimpleValue>019</SimpleValue>
         </Value>
         <Value ColumnRef="wert">
            <SimpleValue>Jeder Geschäftsführer einer persönlich haftenden Gesellschafterin ist befugt, im Namen der Gesellschaft mit sich im eigenen Namen Rechtsgeschäfte vorzunehmen.</SimpleValue>
         </Value>
      </Row>
      <Row>
         <Value ColumnRef="code">
            <SimpleValue>020</SimpleValue>
         </Value>
         <Value ColumnRef="wert">
            <SimpleValue>Jeder Geschäftsführer ist befugt, im Namen der Gesellschaft mit sich als Vertreter eines Dritten Rechtsgeschäfte vorzunehmen.</SimpleValue>
         </Value>
      </Row>
      <Row>
         <Value ColumnRef="code">
            <SimpleValue>021</SimpleValue>
         </Value>
         <Value ColumnRef="wert">
            <SimpleValue>Jeder Geschäftsführer ist befugt, im Namen der Gesellschaft mit sich im eigenen Namen oder als Vertreter eines Dritten Rechtsgeschäfte vorzunehmen.</SimpleValue>
         </Value>
      </Row>
      <Row>
         <Value ColumnRef="code">
            <SimpleValue>022</SimpleValue>
         </Value>
         <Value ColumnRef="wert">
            <SimpleValue>Jeder Geschäftsführer ist befugt, im Namen der Gesellschaft mit sich im eigenen Namen Rechtsgeschäfte vorzunehmen.</SimpleValue>
         </Value>
      </Row>
      <Row>
         <Value ColumnRef="code">
            <SimpleValue>023</SimpleValue>
         </Value>
         <Value ColumnRef="wert">
            <SimpleValue>Jeder Geschäftsführer ist befugt, im Namen der Vereinigung mit sich als Vertreter eines Dritten Rechtsgeschäfte vorzunehmen.</SimpleValue>
         </Value>
      </Row>
      <Row>
         <Value ColumnRef="code">
            <SimpleValue>024</SimpleValue>
         </Value>
         <Value ColumnRef="wert">
            <SimpleValue>Jeder Geschäftsführer ist befugt, im Namen der Vereinigung mit sich im eigenen Namen oder als Vertreter eines Dritten Rechtsgeschäfte vorzunehmen.</SimpleValue>
         </Value>
      </Row>
      <Row>
         <Value ColumnRef="code">
            <SimpleValue>025</SimpleValue>
         </Value>
         <Value ColumnRef="wert">
            <SimpleValue>Jeder Geschäftsführer ist befugt, im Namen der Vereinigung mit sich im eigenen Namen Rechtsgeschäfte abzuschließen.</SimpleValue>
         </Value>
      </Row>
      <Row>
         <Value ColumnRef="code">
            <SimpleValue>026</SimpleValue>
         </Value>
         <Value ColumnRef="wert">
            <SimpleValue>Jeder Geschäftsleiter ist befugt, im Namen der Gesellschaft mit sich als Vertreter eines Dritten Rechtsgeschäfte vorzunehmen.</SimpleValue>
         </Value>
      </Row>
      <Row>
         <Value ColumnRef="code">
            <SimpleValue>027</SimpleValue>
         </Value>
         <Value ColumnRef="wert">
            <SimpleValue>Jeder Geschäftsleiter ist befugt, im Namen der Gesellschaft mit sich im eigenen Namen oder als Vertreter eines Dritten Rechtsgeschäfte vorzunehmen.</SimpleValue>
         </Value>
      </Row>
      <Row>
         <Value ColumnRef="code">
            <SimpleValue>028</SimpleValue>
         </Value>
         <Value ColumnRef="wert">
            <SimpleValue>Jeder Geschäftsleiter ist befugt, im Namen der Gesellschaft mit sich im eigenen Namen Rechtgeschäfte vorzunehmen.</SimpleValue>
         </Value>
      </Row>
      <Row>
         <Value ColumnRef="code">
            <SimpleValue>029</SimpleValue>
         </Value>
         <Value ColumnRef="wert">
            <SimpleValue>Jeder Geschäftsleiter ist befugt, im Namen des Eigenbetriebs mit sich als Vertreter eines Dritten Rechtsgeschäfte vorzunehmen.</SimpleValue>
         </Value>
      </Row>
      <Row>
         <Value ColumnRef="code">
            <SimpleValue>030</SimpleValue>
         </Value>
         <Value ColumnRef="wert">
            <SimpleValue>Jeder Geschäftsleiter ist befugt, im Namen des Eigenbetriebs mit sich im eigenen Namen oder als Vertreter eines Dritten Rechtsgeschäfte vorzunehmen.</SimpleValue>
         </Value>
      </Row>
      <Row>
         <Value ColumnRef="code">
            <SimpleValue>031</SimpleValue>
         </Value>
         <Value ColumnRef="wert">
            <SimpleValue>Jeder Geschäftsleiter ist befugt, im Namen des Eigenbetriebs mit sich im eigenen Namen Rechtgeschäfte vorzunehmen.</SimpleValue>
         </Value>
      </Row>
      <Row>
         <Value ColumnRef="code">
            <SimpleValue>032</SimpleValue>
         </Value>
         <Value ColumnRef="wert">
            <SimpleValue>Jeder Liquidator ist befugt, im Namen der Genossenschaft mit sich als Vertreter eines Dritten Rechtsgeschäfte vorzunehmen.</SimpleValue>
         </Value>
      </Row>
      <Row>
         <Value ColumnRef="code">
            <SimpleValue>033</SimpleValue>
         </Value>
         <Value ColumnRef="wert">
            <SimpleValue>Jeder Liquidator ist befugt, im Namen der Genossenschaft mit sich im eigenen Namen oder als Vertreter eines Dritten Rechtsgeschäfte vorzunehmen.</SimpleValue>
         </Value>
      </Row>
      <Row>
         <Value ColumnRef="code">
            <SimpleValue>034</SimpleValue>
         </Value>
         <Value ColumnRef="wert">
            <SimpleValue>Jeder Liquidator ist befugt, im Namen der Genossenschaft mit sich im eigenen Namen Rechtsgeschäfte vorzunehmen.</SimpleValue>
         </Value>
      </Row>
      <Row>
         <Value ColumnRef="code">
            <SimpleValue>035</SimpleValue>
         </Value>
         <Value ColumnRef="wert">
            <SimpleValue>Jeder Liquidator ist befugt, im Namen der Gesellschaft mit sich als Vertreter eines Dritten Rechtsgeschäfte vorzunehmen.</SimpleValue>
         </Value>
      </Row>
      <Row>
         <Value ColumnRef="code">
            <SimpleValue>036</SimpleValue>
         </Value>
         <Value ColumnRef="wert">
            <SimpleValue>Jeder Liquidator ist befugt, im Namen der Gesellschaft mit sich im eigenen Namen oder als Vertreter eines Dritten Rechtsgeschäfte vorzunehmen.</SimpleValue>
         </Value>
      </Row>
      <Row>
         <Value ColumnRef="code">
            <SimpleValue>037</SimpleValue>
         </Value>
         <Value ColumnRef="wert">
            <SimpleValue>Jeder Liquidator ist befugt, im Namen der Gesellschaft mit sich im eigenen Namen Rechtgeschäfte vorzunehmen.</SimpleValue>
         </Value>
      </Row>
      <Row>
         <Value ColumnRef="code">
            <SimpleValue>038</SimpleValue>
         </Value>
         <Value ColumnRef="wert">
            <SimpleValue>Jeder Liquidator ist befugt, im Namen der Partnerschaft mit sich als Vertreter eines Dritten Rechtsgeschäfte vorzunehmen.</SimpleValue>
         </Value>
      </Row>
      <Row>
         <Value ColumnRef="code">
            <SimpleValue>039</SimpleValue>
         </Value>
         <Value ColumnRef="wert">
            <SimpleValue>Jeder Liquidator ist befugt, im Namen der Partnerschaft mit sich im eigenen Namen oder als Vertreter eines Dritten Rechtsgeschäfte vorzunehmen.</SimpleValue>
         </Value>
      </Row>
      <Row>
         <Value ColumnRef="code">
            <SimpleValue>040</SimpleValue>
         </Value>
         <Value ColumnRef="wert">
            <SimpleValue>Jeder Liquidator ist befugt, im Namen der Partnerschaft mit sich im eigenen Namen Rechtsgeschäfte vorzunehmen.</SimpleValue>
         </Value>
      </Row>
      <Row>
         <Value ColumnRef="code">
            <SimpleValue>041</SimpleValue>
         </Value>
         <Value ColumnRef="wert">
            <SimpleValue>Jeder Liquidator ist befugt, im Namen des Eigenbetriebs mit sich als Vertreter eines Dritten Rechtsgeschäfte vorzunehmen.</SimpleValue>
         </Value>
      </Row>
      <Row>
         <Value ColumnRef="code">
            <SimpleValue>042</SimpleValue>
         </Value>
         <Value ColumnRef="wert">
            <SimpleValue>Jeder Liquidator ist befugt, im Namen des Eigenbetriebs mit sich im eigenen Namen oder als Vertreter eines Dritten Rechtsgeschäfte vorzunehmen.</SimpleValue>
         </Value>
      </Row>
      <Row>
         <Value ColumnRef="code">
            <SimpleValue>043</SimpleValue>
         </Value>
         <Value ColumnRef="wert">
            <SimpleValue>Jeder Liquidator ist befugt, im Namen des Eigenbetriebs mit sich im eigenen Namen Rechtgeschäfte vorzunehmen.</SimpleValue>
         </Value>
      </Row>
      <Row>
         <Value ColumnRef="code">
            <SimpleValue>044</SimpleValue>
         </Value>
         <Value ColumnRef="wert">
            <SimpleValue>Jeder Liquidator ist befugt, im Namen des Rechtsträgers mit sich als Vertreter eines Dritten Rechtsgeschäfte vorzunehmen.</SimpleValue>
         </Value>
      </Row>
      <Row>
         <Value ColumnRef="code">
            <SimpleValue>045</SimpleValue>
         </Value>
         <Value ColumnRef="wert">
            <SimpleValue>Jeder Liquidator ist befugt, im Namen des Rechtsträgers mit sich im eigenen Namen oder als Vertreter eines Dritten Rechtsgeschäfte vorzunehmen.</SimpleValue>
         </Value>
      </Row>
      <Row>
         <Value ColumnRef="code">
            <SimpleValue>046</SimpleValue>
         </Value>
         <Value ColumnRef="wert">
            <SimpleValue>Jeder Liquidator ist befugt, im Namen des Rechtsträgers mit sich im eigenen Namen Rechtgeschäfte vorzunehmen.</SimpleValue>
         </Value>
      </Row>
      <Row>
         <Value ColumnRef="code">
            <SimpleValue>047</SimpleValue>
         </Value>
         <Value ColumnRef="wert">
            <SimpleValue>Jeder Liquidator ist befugt, im Namen des Vereins mit sich als Vertreter eines Dritten Rechtsgeschäfte vorzunehmen.</SimpleValue>
         </Value>
      </Row>
      <Row>
         <Value ColumnRef="code">
            <SimpleValue>048</SimpleValue>
         </Value>
         <Value ColumnRef="wert">
            <SimpleValue>Jeder Liquidator ist befugt, im Namen des Vereins mit sich im eigenen Namen oder als Vertreter eines Dritten Rechtsgeschäfte vorzunehmen.</SimpleValue>
         </Value>
      </Row>
      <Row>
         <Value ColumnRef="code">
            <SimpleValue>049</SimpleValue>
         </Value>
         <Value ColumnRef="wert">
            <SimpleValue>Jeder Liquidator ist befugt, im Namen des Vereins mit sich im eigenen Namen Rechtsgeschäfte vorzunehmen.</SimpleValue>
         </Value>
      </Row>
      <Row>
         <Value ColumnRef="code">
            <SimpleValue>050</SimpleValue>
         </Value>
         <Value ColumnRef="wert">
            <SimpleValue>Jeder Liquidator ist befugt, im Namen des Versicherungsvereins mit sich als Vertreter eines Dritten Rechtsgeschäfte vorzunehmen.</SimpleValue>
         </Value>
      </Row>
      <Row>
         <Value ColumnRef="code">
            <SimpleValue>051</SimpleValue>
         </Value>
         <Value ColumnRef="wert">
            <SimpleValue>Jeder Partner ist befugt, im Namen der Partnerschaft mit sich als Vertreter eines Dritten Rechtsgeschäfte vorzunehmen.</SimpleValue>
         </Value>
      </Row>
      <Row>
         <Value ColumnRef="code">
            <SimpleValue>052</SimpleValue>
         </Value>
         <Value ColumnRef="wert">
            <SimpleValue>Jeder Partner ist befugt, im Namen der Partnerschaft mit sich im eigenen Namen oder als Vertreter eines Dritten Rechtsgeschäfte vorzunehmen.</SimpleValue>
         </Value>
      </Row>
      <Row>
         <Value ColumnRef="code">
            <SimpleValue>053</SimpleValue>
         </Value>
         <Value ColumnRef="wert">
            <SimpleValue>Jeder Partner ist befugt, im Namen der Partnerschaft mit sich im eigenen Namen Rechtsgeschäfte vorzunehmen.</SimpleValue>
         </Value>
      </Row>
      <Row>
         <Value ColumnRef="code">
            <SimpleValue>054</SimpleValue>
         </Value>
         <Value ColumnRef="wert">
            <SimpleValue>Jeder persönlich haftende Gesellschafter ist befugt, im Namen der Gesellschaft mit sich als Vertreter eines Dritten Rechtsgeschäfte vorzunehmen.</SimpleValue>
         </Value>
      </Row>
      <Row>
         <Value ColumnRef="code">
            <SimpleValue>055</SimpleValue>
         </Value>
         <Value ColumnRef="wert">
            <SimpleValue>Jeder persönlich haftende Gesellschafter ist befugt, im Namen der Gesellschaft mit sich im eigenen Namen oder als Vertreter eines Dritten Rechtsgeschäfte vorzunehmen.</SimpleValue>
         </Value>
      </Row>
      <Row>
         <Value ColumnRef="code">
            <SimpleValue>056</SimpleValue>
         </Value>
         <Value ColumnRef="wert">
            <SimpleValue>Jeder persönlich haftende Gesellschafter ist befugt, im Namen der Gesellschaft mit sich im eigenen Namen Rechtsgeschäfte vorzunehmen.</SimpleValue>
         </Value>
      </Row>
      <Row>
         <Value ColumnRef="code">
            <SimpleValue>057</SimpleValue>
         </Value>
         <Value ColumnRef="wert">
            <SimpleValue>Jeder persönlich haftende Gesellschafter sowie dessen jeweilige Geschäftsführer sind befugt, im Namen der Gesellschaft mit sich als Vertreter eines Dritten Rechtsgeschäfte vorzunehmen.</SimpleValue>
         </Value>
      </Row>
      <Row>
         <Value ColumnRef="code">
            <SimpleValue>058</SimpleValue>
         </Value>
         <Value ColumnRef="wert">
            <SimpleValue>Jeder persönlich haftende Gesellschafter sowie dessen jeweilige Geschäftsführer sind befugt, im Namen der Gesellschaft mit sich im eigenen Namen oder als Vertreter eines Dritten Rechtsgeschäfte vorzunehmen.</SimpleValue>
         </Value>
      </Row>
      <Row>
         <Value ColumnRef="code">
            <SimpleValue>059</SimpleValue>
         </Value>
         <Value ColumnRef="wert">
            <SimpleValue>Jeder persönlich haftende Gesellschafter sowie dessen jeweilige Geschäftsführer sind befugt, im Namen der Gesellschaft mit sich im eigenen Namen Rechtsgeschäfte vorzunehmen.</SimpleValue>
         </Value>
      </Row>
      <Row>
         <Value ColumnRef="code">
            <SimpleValue>060</SimpleValue>
         </Value>
         <Value ColumnRef="wert">
            <SimpleValue>Jeder Werkleiter ist befugt, im Namen des Eigenbetriebs mit sich als Vertreter eines Dritten Rechtsgeschäfte vorzunehmen.</SimpleValue>
         </Value>
      </Row>
      <Row>
         <Value ColumnRef="code">
            <SimpleValue>061</SimpleValue>
         </Value>
         <Value ColumnRef="wert">
            <SimpleValue>Jeder Werkleiter ist befugt, im Namen des Eigenbetriebs mit sich im eigenen Namen oder als Vertreter eines Dritten Rechtsgeschäfte vorzunehmen.</SimpleValue>
         </Value>
      </Row>
      <Row>
         <Value ColumnRef="code">
            <SimpleValue>062</SimpleValue>
         </Value>
         <Value ColumnRef="wert">
            <SimpleValue>Jeder Werkleiter ist befugt, im Namen des Eigenbetriebs mit sich im eigenen Namen Rechtgeschäfte vorzunehmen.</SimpleValue>
         </Value>
      </Row>
      <Row>
         <Value ColumnRef="code">
            <SimpleValue>063</SimpleValue>
         </Value>
         <Value ColumnRef="wert">
            <SimpleValue>Jedes Mitglied des Leitungsorgans ist befugt, im Namen der Genossenschaft mit sich als Vertreter eines Dritten Rechtsgeschäfte vorzunehmen.</SimpleValue>
         </Value>
      </Row>
      <Row>
         <Value ColumnRef="code">
            <SimpleValue>064</SimpleValue>
         </Value>
         <Value ColumnRef="wert">
            <SimpleValue>Jedes Mitglied des Leitungsorgans ist befugt, im Namen der Gesellschaft mit sich als Vertreter eines Dritten Rechtsgeschäfte vorzunehmen.</SimpleValue>
         </Value>
      </Row>
      <Row>
         <Value ColumnRef="code">
            <SimpleValue>065</SimpleValue>
         </Value>
         <Value ColumnRef="wert">
            <SimpleValue>Jedes Vorstandsmitglied ist befugt, im Namen der Genossenschaft mit sich als Vertreter eines Dritten Rechtsgeschäfte vorzunehmen.</SimpleValue>
         </Value>
      </Row>
      <Row>
         <Value ColumnRef="code">
            <SimpleValue>066</SimpleValue>
         </Value>
         <Value ColumnRef="wert">
            <SimpleValue>Jedes Vorstandsmitglied ist befugt, im Namen der Genossenschaft mit sich im eigenen Namen oder als Vertreter eines Dritten Rechtsgeschäfte vorzunehmen.</SimpleValue>
         </Value>
      </Row>
      <Row>
         <Value ColumnRef="code">
            <SimpleValue>067</SimpleValue>
         </Value>
         <Value ColumnRef="wert">
            <SimpleValue>Jedes Vorstandsmitglied ist befugt, im Namen der Genossenschaft mit sich im eigenen Namen Rechtsgeschäfte vorzunehmen.</SimpleValue>
         </Value>
      </Row>
      <Row>
         <Value ColumnRef="code">
            <SimpleValue>068</SimpleValue>
         </Value>
         <Value ColumnRef="wert">
            <SimpleValue>Jedes Vorstandsmitglied ist befugt, im Namen der Gesellschaft mit sich als Vertreter eines Dritten Rechtsgeschäfte vorzunehmen.</SimpleValue>
         </Value>
      </Row>
      <Row>
         <Value ColumnRef="code">
            <SimpleValue>069</SimpleValue>
         </Value>
         <Value ColumnRef="wert">
            <SimpleValue>Jedes Vorstandsmitglied ist befugt, im Namen der Gesellschaft mit sich im eigenen Namen oder als Vertreter eines Dritten Rechts-geschäfte vorzunehmen.</SimpleValue>
         </Value>
      </Row>
      <Row>
         <Value ColumnRef="code">
            <SimpleValue>070</SimpleValue>
         </Value>
         <Value ColumnRef="wert">
            <SimpleValue>Jedes Vorstandsmitglied ist befugt, im Namen der Gesellschaft mit sich im eigenen Namen Rechtsgeschäfte vorzunehmen.</SimpleValue>
         </Value>
      </Row>
      <Row>
         <Value ColumnRef="code">
            <SimpleValue>071</SimpleValue>
         </Value>
         <Value ColumnRef="wert">
            <SimpleValue>Jedes Vorstandsmitglied ist befugt, im Namen des Rechtsträgers mit sich als Vertreter eines Dritten Rechtsgeschäfte vorzunehmen.</SimpleValue>
         </Value>
      </Row>
      <Row>
         <Value ColumnRef="code">
            <SimpleValue>072</SimpleValue>
         </Value>
         <Value ColumnRef="wert">
            <SimpleValue>Jedes Vorstandsmitglied ist befugt, im Namen des Rechtsträgers mit sich im eigenen Namen oder als Vertreter eines Dritten Rechtsgeschäfte vorzunehmen.</SimpleValue>
         </Value>
      </Row>
      <Row>
         <Value ColumnRef="code">
            <SimpleValue>073</SimpleValue>
         </Value>
         <Value ColumnRef="wert">
            <SimpleValue>Jedes Vorstandsmitglied ist befugt, im Namen des Rechtsträgers mit sich im eigenen Namen Rechtgeschäfte vorzunehmen.</SimpleValue>
         </Value>
      </Row>
      <Row>
         <Value ColumnRef="code">
            <SimpleValue>074</SimpleValue>
         </Value>
         <Value ColumnRef="wert">
            <SimpleValue>Jedes Vorstandsmitglied ist befugt, im Namen des Vereins mit sich als Vertreter eines Dritten Rechtsgeschäfte vorzunehmen.</SimpleValue>
         </Value>
      </Row>
      <Row>
         <Value ColumnRef="code">
            <SimpleValue>075</SimpleValue>
         </Value>
         <Value ColumnRef="wert">
            <SimpleValue>Jedes Vorstandsmitglied ist befugt, im Namen des Vereins mit sich im eigenen Namen oder als Vertreter eines Dritten Rechtsgeschäfte vorzunehmen.</SimpleValue>
         </Value>
      </Row>
      <Row>
         <Value ColumnRef="code">
            <SimpleValue>076</SimpleValue>
         </Value>
         <Value ColumnRef="wert">
            <SimpleValue>Jedes Vorstandsmitglied ist befugt, im Namen des Vereins mit sich im eigenen Namen Rechtgeschäfte vorzunehmen.</SimpleValue>
         </Value>
      </Row>
      <Row>
         <Value ColumnRef="code">
            <SimpleValue>077</SimpleValue>
         </Value>
         <Value ColumnRef="wert">
            <SimpleValue>Jedes Vorstandsmitglied ist befugt, im Namen des Versicherungsvereins mit sich als Vertreter eines Dritten Rechtsgeschäfte vorzunehmen.</SimpleValue>
         </Value>
      </Row>
      <Row>
         <Value ColumnRef="code">
            <SimpleValue>078</SimpleValue>
         </Value>
         <Value ColumnRef="wert">
            <SimpleValue>Jeder Gesellschafter ist befugt, im Namen der Gesellschaft mit sich als Vertreter eines Dritten Rechtsgeschäfte vorzunehmen.</SimpleValue>
         </Value>
      </Row>
      <Row>
         <Value ColumnRef="code">
            <SimpleValue>079</SimpleValue>
         </Value>
         <Value ColumnRef="wert">
            <SimpleValue>Jeder Gesellschafter ist befugt, im Namen der Gesellschaft mit sich im eigenen Namen oder als Vertreter eines Dritten Rechtsgeschäfte vorzunehmen.</SimpleValue>
         </Value>
      </Row>
      <Row>
         <Value ColumnRef="code">
            <SimpleValue>080</SimpleValue>
         </Value>
         <Value ColumnRef="wert">
            <SimpleValue>Jeder Gesellschafter ist befugt, im Namen der Gesellschaft mit sich im eigenen Namen Rechtsgeschäfte vorzunehmen.</SimpleValue>
         </Value>
      </Row>
      <Row>
         <Value ColumnRef="code">
            <SimpleValue>081</SimpleValue>
         </Value>
         <Value ColumnRef="wert">
            <SimpleValue>Ist nur ein geschäftsführender Direktor bestellt, ist er befugt, im Namen der Genossenschaft mit sich als Vertreter eines Dritten Rechtsgeschäfte vorzunehmen.</SimpleValue>
         </Value>
      </Row>
      <Row>
         <Value ColumnRef="code">
            <SimpleValue>082</SimpleValue>
         </Value>
         <Value ColumnRef="wert">
            <SimpleValue>Ist nur ein Mitglied des Leitungsorgans bestellt, ist es befugt, im Namen der Genossenschaft mit sich als Vertreter eines Dritten Rechtsgeschäfte vorzunehmen.</SimpleValue>
         </Value>
      </Row>
      <Row>
         <Value ColumnRef="code">
            <SimpleValue>083</SimpleValue>
         </Value>
         <Value ColumnRef="wert">
            <SimpleValue>Jeder organschaftliche Vertreter einer Gesellschafterin ist befugt, im Namen der Gesellschaft mit sich im eigenen Namen oder als Vertreter eines Dritten Rechtsgeschäfte vorzunehmen.</SimpleValue>
         </Value>
      </Row>
      <Row>
         <Value ColumnRef="code">
            <SimpleValue>084</SimpleValue>
         </Value>
         <Value ColumnRef="wert">
            <SimpleValue>Jeder organschaftliche Vertreter einer Gesellschafterin ist befugt, im Namen der Gesellschaft mit sich im eigenen Namen Rechtsgeschäfte vorzunehmen.</SimpleValue>
         </Value>
      </Row>
      <Row>
         <Value ColumnRef="code">
            <SimpleValue>085</SimpleValue>
         </Value>
         <Value ColumnRef="wert">
            <SimpleValue>Jeder organschaftliche Vertreter einer Gesellschafterin ist befugt, im Namen der Gesellschaft mit sich als Vertreter eines Dritten Rechtsgeschäfte vorzunehmen.</SimpleValue>
         </Value>
      </Row>
      <Row>
         <Value ColumnRef="code">
            <SimpleValue>086</SimpleValue>
         </Value>
         <Value ColumnRef="wert">
            <SimpleValue>Jeder Gesellschafter sowie dessen jeweilige organschaftliche Vertreter sind befugt, im Namen der Gesellschaft mit sich im eigenen Namen oder als Vertreter eines Dritten Rechtsgeschäfte vorzunehmen.</SimpleValue>
         </Value>
      </Row>
      <Row>
         <Value ColumnRef="code">
            <SimpleValue>087</SimpleValue>
         </Value>
         <Value ColumnRef="wert">
            <SimpleValue>Jeder Gesellschafter sowie dessen jeweilige organschaftliche Vertreter sind befugt, im Namen der Gesellschaft mit sich im eigenen Namen Rechtsgeschäfte vorzunehmen.</SimpleValue>
         </Value>
      </Row>
      <Row>
         <Value ColumnRef="code">
            <SimpleValue>088</SimpleValue>
         </Value>
         <Value ColumnRef="wert">
            <SimpleValue>Jeder Gesellschafter sowie dessen jeweilige organschaftliche Vertreter sind befugt, im Namen der Gesellschaft mit sich als Vertreter eines Dritten Rechtsgeschäfte vorzunehmen.</SimpleValue>
         </Value>
      </Row>
   </SimpleCodeList>
</gc:CodeList>
