<?xml version="1.0" encoding="UTF-8"?>
<gc:CodeList xmlns:gc="http://docs.oasis-open.org/codelist/ns/genericode/1.0/"
             xmlns:xoev-cl-4="http://xoev.de/schemata/genericode/4"
             xmlns:xsi="http://www.w3.org/2001/XMLSchema-instance">
   <Annotation>
      <Description>
         <xoev-cl-4:shortName>REG.Allgemeine_Vertretungsregelung</xoev-cl-4:shortName>
         <xoev-cl-4:codelistDescription>Beschreibt die im Handels-, Genossenschafts-, Partnerschafts- und Vereinsregister einzutragenden allgemeinen Vertretungsregelung.</xoev-cl-4:codelistDescription>
         <xoev-cl-4:agencyShortName>AG IT-Standards</xoev-cl-4:agencyShortName>
         <xoev-cl-4:validFrom>2023-07-20</xoev-cl-4:validFrom>
         <xoev-cl-4:versionHandbook>1.2</xoev-cl-4:versionHandbook>
         <xoev-cl-4:changes>Zwei neue Einträge '103|Jeder Gesellschafter vertritt einzeln.' und '104|Jeweils zwei Gesellschafter vertreten gemeinsam.'. Außerdem wurde die Codeliste auf die Version 1.2 des Codelistenhandbuchs aktualisiert.</xoev-cl-4:changes>
      </Description>
   </Annotation>
   <Identification>
      <ShortName>reg.allgemeine-vertretungsregelung</ShortName>
      <LongName>REG.Allgemeine_Vertretungsregelung</LongName>
      <Version>2.3</Version>
      <CanonicalUri>urn:xoev-de:xjustiz:codeliste:reg.allgemeine-vertretungsregelung</CanonicalUri>
      <CanonicalVersionUri>urn:xoev-de:xjustiz:codeliste:reg.allgemeine-vertretungsregelung_2.3</CanonicalVersionUri>
      <Agency>
         <LongName>BLK-AG IT-Standards in der Justiz</LongName>
      </Agency>
   </Identification>
   <ColumnSet>
      <Column Id="code" Use="required">
         <ShortName>code</ShortName>
         <LongName>Schlüssel</LongName>
         <Data Type="string"/>
      </Column>
      <Column Id="wert" Use="required">
         <ShortName>wert</ShortName>
         <LongName>Wert</LongName>
         <Data Type="string"/>
      </Column>
      <Key Id="codeKey">
         <Annotation>
            <AppInfo>
               <xoev-cl-4:recommendedKeyColumn/>
            </AppInfo>
         </Annotation>
         <ShortName>codeKey</ShortName>
         <ColumnRef Ref="code"/>
      </Key>
   </ColumnSet>
   <SimpleCodeList>
      <Row>
         <Value ColumnRef="code">
            <SimpleValue>001</SimpleValue>
         </Value>
         <Value ColumnRef="wert">
            <SimpleValue>Der Verein wird durch den Liquidator vertreten.</SimpleValue>
         </Value>
      </Row>
      <Row>
         <Value ColumnRef="code">
            <SimpleValue>002</SimpleValue>
         </Value>
         <Value ColumnRef="wert">
            <SimpleValue>Der Verein wird durch den/die Liquidator/en vertreten.</SimpleValue>
         </Value>
      </Row>
      <Row>
         <Value ColumnRef="code">
            <SimpleValue>003</SimpleValue>
         </Value>
         <Value ColumnRef="wert">
            <SimpleValue>Der Verein wird durch die Liquidatoren vertreten.</SimpleValue>
         </Value>
      </Row>
      <Row>
         <Value ColumnRef="code">
            <SimpleValue>005</SimpleValue>
         </Value>
         <Value ColumnRef="wert">
            <SimpleValue>Der/Die Inhaber(in) handelt in Gesamthandsgemeinschaft.</SimpleValue>
         </Value>
      </Row>
      <Row>
         <Value ColumnRef="code">
            <SimpleValue>006</SimpleValue>
         </Value>
         <Value ColumnRef="wert">
            <SimpleValue>Die Abwickler vertreten gemeinsam.</SimpleValue>
         </Value>
      </Row>
      <Row>
         <Value ColumnRef="code">
            <SimpleValue>007</SimpleValue>
         </Value>
         <Value ColumnRef="wert">
            <SimpleValue>Die Genossenschaft wird durch den Liquidator vertreten.</SimpleValue>
         </Value>
      </Row>
      <Row>
         <Value ColumnRef="code">
            <SimpleValue>008</SimpleValue>
         </Value>
         <Value ColumnRef="wert">
            <SimpleValue>Die Genossenschaft wird durch den/die Liquidator/en vertreten.</SimpleValue>
         </Value>
      </Row>
      <Row>
         <Value ColumnRef="code">
            <SimpleValue>009</SimpleValue>
         </Value>
         <Value ColumnRef="wert">
            <SimpleValue>Die Genossenschaft wird durch die Liquidatoren vertreten.</SimpleValue>
         </Value>
      </Row>
      <Row>
         <Value ColumnRef="code">
            <SimpleValue>010</SimpleValue>
         </Value>
         <Value ColumnRef="wert">
            <SimpleValue>Die Genossenschaft wird durch zwei Liquidatoren gemeinsam vertreten.</SimpleValue>
         </Value>
      </Row>
      <Row>
         <Value ColumnRef="code">
            <SimpleValue>011</SimpleValue>
         </Value>
         <Value ColumnRef="wert">
            <SimpleValue>Die Genossenschaft wird durch zwei Liquidatoren oder durch einen Liquidator gemeinsam mit einem Prokuristen vertreten.</SimpleValue>
         </Value>
      </Row>
      <Row>
         <Value ColumnRef="code">
            <SimpleValue>012</SimpleValue>
         </Value>
         <Value ColumnRef="wert">
            <SimpleValue>Die Genossenschaft wird durch zwei Vorstandsmitglieder gemeinsam vertreten.</SimpleValue>
         </Value>
      </Row>
      <Row>
         <Value ColumnRef="code">
            <SimpleValue>013</SimpleValue>
         </Value>
         <Value ColumnRef="wert">
            <SimpleValue>Die Genossenschaft wird durch zwei Vorstandsmitglieder oder durch ein Vorstandsmitglied gemeinsam mit einem Prokuristen vertreten.</SimpleValue>
         </Value>
      </Row>
      <Row>
         <Value ColumnRef="code">
            <SimpleValue>014</SimpleValue>
         </Value>
         <Value ColumnRef="wert">
            <SimpleValue>Die Genossenschaft wird durch zwei Vorstandsmitglieder, darunter der Vorsitzende oder dessen Stellvertreter, vertreten.</SimpleValue>
         </Value>
      </Row>
      <Row>
         <Value ColumnRef="code">
            <SimpleValue>015</SimpleValue>
         </Value>
         <Value ColumnRef="wert">
            <SimpleValue>Die geschäftsführenden Direktoren vertreten gemeinsam.</SimpleValue>
         </Value>
      </Row>
      <Row>
         <Value ColumnRef="code">
            <SimpleValue>016</SimpleValue>
         </Value>
         <Value ColumnRef="wert">
            <SimpleValue>Die Geschäftsführer vertreten gemeinsam.</SimpleValue>
         </Value>
      </Row>
      <Row>
         <Value ColumnRef="code">
            <SimpleValue>017</SimpleValue>
         </Value>
         <Value ColumnRef="wert">
            <SimpleValue>Die Gesellschaft wird durch den Abwickler vertreten.</SimpleValue>
         </Value>
      </Row>
      <Row>
         <Value ColumnRef="code">
            <SimpleValue>018</SimpleValue>
         </Value>
         <Value ColumnRef="wert">
            <SimpleValue>Die Gesellschaft wird durch den Liquidator vertreten.</SimpleValue>
         </Value>
      </Row>
      <Row>
         <Value ColumnRef="code">
            <SimpleValue>019</SimpleValue>
         </Value>
         <Value ColumnRef="wert">
            <SimpleValue>Die Gesellschaft wird durch den/die Abwickler vertreten.</SimpleValue>
         </Value>
      </Row>
      <Row>
         <Value ColumnRef="code">
            <SimpleValue>020</SimpleValue>
         </Value>
         <Value ColumnRef="wert">
            <SimpleValue>Die Gesellschaft wird durch den/die Liquidator/en vertreten.</SimpleValue>
         </Value>
      </Row>
      <Row>
         <Value ColumnRef="code">
            <SimpleValue>021</SimpleValue>
         </Value>
         <Value ColumnRef="wert">
            <SimpleValue>Die Gesellschaft wird durch die Abwickler vertreten.</SimpleValue>
         </Value>
      </Row>
      <Row>
         <Value ColumnRef="code">
            <SimpleValue>022</SimpleValue>
         </Value>
         <Value ColumnRef="wert">
            <SimpleValue>Die Gesellschaft wird durch die Liquidatoren vertreten.</SimpleValue>
         </Value>
      </Row>
      <Row>
         <Value ColumnRef="code">
            <SimpleValue>023</SimpleValue>
         </Value>
         <Value ColumnRef="wert">
            <SimpleValue>Die Gesellschaft wird durch zwei Abwickler gemeinsam vertreten.</SimpleValue>
         </Value>
      </Row>
      <Row>
         <Value ColumnRef="code">
            <SimpleValue>024</SimpleValue>
         </Value>
         <Value ColumnRef="wert">
            <SimpleValue>Die Gesellschaft wird durch zwei Abwickler oder durch einen Abwickler gemeinsam mit einem Prokuristen vertreten.</SimpleValue>
         </Value>
      </Row>
      <Row>
         <Value ColumnRef="code">
            <SimpleValue>025</SimpleValue>
         </Value>
         <Value ColumnRef="wert">
            <SimpleValue>Die Gesellschaft wird durch zwei geschäftsführende Direktoren gemeinsam vertreten.</SimpleValue>
         </Value>
      </Row>
      <Row>
         <Value ColumnRef="code">
            <SimpleValue>026</SimpleValue>
         </Value>
         <Value ColumnRef="wert">
            <SimpleValue>Die Gesellschaft wird durch zwei geschäftsführende Direktoren oder durch einen geschäftsführenden Direktor gemeinsam mit einem Prokuristen vertreten.</SimpleValue>
         </Value>
      </Row>
      <Row>
         <Value ColumnRef="code">
            <SimpleValue>027</SimpleValue>
         </Value>
         <Value ColumnRef="wert">
            <SimpleValue>Die Gesellschaft wird durch zwei Geschäftsführer gemeinsam vertreten.</SimpleValue>
         </Value>
      </Row>
      <Row>
         <Value ColumnRef="code">
            <SimpleValue>028</SimpleValue>
         </Value>
         <Value ColumnRef="wert">
            <SimpleValue>Die Gesellschaft wird durch zwei Geschäftsführer oder durch einen Geschäftsführer gemeinsam mit einem Prokuristen vertreten.</SimpleValue>
         </Value>
      </Row>
      <Row>
         <Value ColumnRef="code">
            <SimpleValue>029</SimpleValue>
         </Value>
         <Value ColumnRef="wert">
            <SimpleValue>Die Gesellschaft wird durch zwei Liquidatoren gemeinsam vertreten.</SimpleValue>
         </Value>
      </Row>
      <Row>
         <Value ColumnRef="code">
            <SimpleValue>030</SimpleValue>
         </Value>
         <Value ColumnRef="wert">
            <SimpleValue>Die Gesellschaft wird durch zwei Liquidatoren oder durch einen Liquidator gemeinsam mit einem Prokuristen vertreten.</SimpleValue>
         </Value>
      </Row>
      <Row>
         <Value ColumnRef="code">
            <SimpleValue>031</SimpleValue>
         </Value>
         <Value ColumnRef="wert">
            <SimpleValue>Die Gesellschaft wird durch zwei Mitglieder des Leitungsorgans gemeinsam vertreten.</SimpleValue>
         </Value>
      </Row>
      <Row>
         <Value ColumnRef="code">
            <SimpleValue>032</SimpleValue>
         </Value>
         <Value ColumnRef="wert">
            <SimpleValue>Die Gesellschaft wird durch zwei Mitglieder des Leitungsorgans oder durch ein Mitglied des Leitungsorgans gemeinsam mit einem Prokuristen vertreten.</SimpleValue>
         </Value>
      </Row>
      <Row>
         <Value ColumnRef="code">
            <SimpleValue>033</SimpleValue>
         </Value>
         <Value ColumnRef="wert">
            <SimpleValue>Die Gesellschaft wird durch zwei persönlich haftende Gesellschafter gemeinsam oder durch einen persönlich haftenden Gesellschafter gemeinsam mit einem Prokuristen vertreten.</SimpleValue>
         </Value>
      </Row>
      <Row>
         <Value ColumnRef="code">
            <SimpleValue>034</SimpleValue>
         </Value>
         <Value ColumnRef="wert">
            <SimpleValue>Die Gesellschaft wird durch zwei Vorstandsmitglieder gemeinsam vertreten.</SimpleValue>
         </Value>
      </Row>
      <Row>
         <Value ColumnRef="code">
            <SimpleValue>035</SimpleValue>
         </Value>
         <Value ColumnRef="wert">
            <SimpleValue>Die Gesellschaft wird durch zwei Vorstandsmitglieder oder durch ein Vorstandsmitglied gemeinsam mit einem Prokuristen vertreten.</SimpleValue>
         </Value>
      </Row>
      <Row>
         <Value ColumnRef="code">
            <SimpleValue>036</SimpleValue>
         </Value>
         <Value ColumnRef="wert">
            <SimpleValue>Die Liquidatoren vertreten gemeinsam.</SimpleValue>
         </Value>
      </Row>
      <Row>
         <Value ColumnRef="code">
            <SimpleValue>037</SimpleValue>
         </Value>
         <Value ColumnRef="wert">
            <SimpleValue>Die Mitglieder des Leitungsorgans vertreten gemeinsam.</SimpleValue>
         </Value>
      </Row>
      <Row>
         <Value ColumnRef="code">
            <SimpleValue>038</SimpleValue>
         </Value>
         <Value ColumnRef="wert">
            <SimpleValue>Die Partner vertreten gemeinsam.</SimpleValue>
         </Value>
      </Row>
      <Row>
         <Value ColumnRef="code">
            <SimpleValue>039</SimpleValue>
         </Value>
         <Value ColumnRef="wert">
            <SimpleValue>Die Partnerschaft wird durch den Liquidator vertreten.</SimpleValue>
         </Value>
      </Row>
      <Row>
         <Value ColumnRef="code">
            <SimpleValue>040</SimpleValue>
         </Value>
         <Value ColumnRef="wert">
            <SimpleValue>Die Partnerschaft wird durch den/die Liquidator/en vertreten.</SimpleValue>
         </Value>
      </Row>
      <Row>
         <Value ColumnRef="code">
            <SimpleValue>041</SimpleValue>
         </Value>
         <Value ColumnRef="wert">
            <SimpleValue>Die Partnerschaft wird durch die Liquidatoren vertreten.</SimpleValue>
         </Value>
      </Row>
      <Row>
         <Value ColumnRef="code">
            <SimpleValue>042</SimpleValue>
         </Value>
         <Value ColumnRef="wert">
            <SimpleValue>Die Partnerschaft wird durch zwei Liquidatoren gemeinsam vertreten.</SimpleValue>
         </Value>
      </Row>
      <Row>
         <Value ColumnRef="code">
            <SimpleValue>043</SimpleValue>
         </Value>
         <Value ColumnRef="wert">
            <SimpleValue>Die persönlich haftenden Gesellschafter vertreten gemeinsam.</SimpleValue>
         </Value>
      </Row>
      <Row>
         <Value ColumnRef="code">
            <SimpleValue>044</SimpleValue>
         </Value>
         <Value ColumnRef="wert">
            <SimpleValue>Die Vereinigung wird durch den Abwickler vertreten.</SimpleValue>
         </Value>
      </Row>
      <Row>
         <Value ColumnRef="code">
            <SimpleValue>045</SimpleValue>
         </Value>
         <Value ColumnRef="wert">
            <SimpleValue>Die Vereinigung wird durch den/die Abwickler vertreten.</SimpleValue>
         </Value>
      </Row>
      <Row>
         <Value ColumnRef="code">
            <SimpleValue>046</SimpleValue>
         </Value>
         <Value ColumnRef="wert">
            <SimpleValue>Die Vereinigung wird durch die Abwickler vertreten.</SimpleValue>
         </Value>
      </Row>
      <Row>
         <Value ColumnRef="code">
            <SimpleValue>047</SimpleValue>
         </Value>
         <Value ColumnRef="wert">
            <SimpleValue>Die Vereinigung wird durch zwei Abwickler gemeinsam vertreten.</SimpleValue>
         </Value>
      </Row>
      <Row>
         <Value ColumnRef="code">
            <SimpleValue>048</SimpleValue>
         </Value>
         <Value ColumnRef="wert">
            <SimpleValue>Die Vereinigung wird durch zwei Abwickler oder durch einen Abwickler gemeinsam mit einem Prokuristen vertreten.</SimpleValue>
         </Value>
      </Row>
      <Row>
         <Value ColumnRef="code">
            <SimpleValue>049</SimpleValue>
         </Value>
         <Value ColumnRef="wert">
            <SimpleValue>Die Vereinigung wird durch zwei Geschäftsführer gemeinsam vertreten.</SimpleValue>
         </Value>
      </Row>
      <Row>
         <Value ColumnRef="code">
            <SimpleValue>050</SimpleValue>
         </Value>
         <Value ColumnRef="wert">
            <SimpleValue>Die Vereinigung wird durch zwei Geschäftsführer oder durch einen Geschäftsführer gemeinsam mit einem Prokuristen vertreten.</SimpleValue>
         </Value>
      </Row>
      <Row>
         <Value ColumnRef="code">
            <SimpleValue>051</SimpleValue>
         </Value>
         <Value ColumnRef="wert">
            <SimpleValue>Die Vorstandsmitglieder vertreten gemeinsam.</SimpleValue>
         </Value>
      </Row>
      <Row>
         <Value ColumnRef="code">
            <SimpleValue>052</SimpleValue>
         </Value>
         <Value ColumnRef="wert">
            <SimpleValue>Die Vorstandsmitglieder vertreten mehrheitlich.</SimpleValue>
         </Value>
      </Row>
      <Row>
         <Value ColumnRef="code">
            <SimpleValue>053</SimpleValue>
         </Value>
         <Value ColumnRef="wert">
            <SimpleValue>Ist ein Liquidator bestellt, vertritt er allein. Sind mehrere Liquidatoren bestellt, vertreten jeweils zwei Liquidatoren den Verein gemeinsam.</SimpleValue>
         </Value>
      </Row>
      <Row>
         <Value ColumnRef="code">
            <SimpleValue>054</SimpleValue>
         </Value>
         <Value ColumnRef="wert">
            <SimpleValue>Ist ein Liquidator bestellt, vertritt er allein. Sind mehrere Liquidatoren bestellt, vertreten diese den Verein gemeinsam.</SimpleValue>
         </Value>
      </Row>
      <Row>
         <Value ColumnRef="code">
            <SimpleValue>055</SimpleValue>
         </Value>
         <Value ColumnRef="wert">
            <SimpleValue>Ist nur ein Abwickler bestellt, so vertritt er die Gesellschaft allein. Sind mehrere Abwickler bestellt, so wird die Gesellschaft durch die Abwickler gemeinsam vertreten.</SimpleValue>
         </Value>
      </Row>
      <Row>
         <Value ColumnRef="code">
            <SimpleValue>056</SimpleValue>
         </Value>
         <Value ColumnRef="wert">
            <SimpleValue>Ist nur ein Abwickler bestellt, so vertritt er die Gesellschaft allein. Sind mehrere Abwickler bestellt, so wird die Gesellschaft durch zwei Abwickler gemeinsam vertreten.</SimpleValue>
         </Value>
      </Row>
      <Row>
         <Value ColumnRef="code">
            <SimpleValue>057</SimpleValue>
         </Value>
         <Value ColumnRef="wert">
            <SimpleValue>Ist nur ein Abwickler bestellt, so vertritt er die Gesellschaft allein. Sind mehrere Abwickler bestellt, so wird die Gesellschaft durch zwei Abwickler oder durch einen Abwickler gemeinsam mit einem Prokuristen vertreten.</SimpleValue>
         </Value>
      </Row>
      <Row>
         <Value ColumnRef="code">
            <SimpleValue>058</SimpleValue>
         </Value>
         <Value ColumnRef="wert">
            <SimpleValue>Ist nur ein Abwickler bestellt, so vertritt er die Vereinigung allein. Sind mehrere Abwickler bestellt, so wird die Vereinigung durch die Abwickler gemeinsam vertreten.</SimpleValue>
         </Value>
      </Row>
      <Row>
         <Value ColumnRef="code">
            <SimpleValue>059</SimpleValue>
         </Value>
         <Value ColumnRef="wert">
            <SimpleValue>Ist nur ein Abwickler bestellt, so vertritt er die Vereinigung allein. Sind mehrere Abwickler bestellt, so wird die Vereinigung durch zwei Abwickler gemeinsam vertreten.</SimpleValue>
         </Value>
      </Row>
      <Row>
         <Value ColumnRef="code">
            <SimpleValue>060</SimpleValue>
         </Value>
         <Value ColumnRef="wert">
            <SimpleValue>Ist nur ein Abwickler bestellt, so vertritt er die Vereinigung allein. Sind mehrere Abwickler bestellt, so wird die Vereinigung durch zwei Abwickler oder durch einen Abwickler gemeinsam mit einem Prokuristen vertreten.</SimpleValue>
         </Value>
      </Row>
      <Row>
         <Value ColumnRef="code">
            <SimpleValue>061</SimpleValue>
         </Value>
         <Value ColumnRef="wert">
            <SimpleValue>Ist nur ein geschäftsführender Direktor bestellt, so vertritt er allein. Sind mehrere geschäftsführende Direktoren bestellt, vertreten zwei gemeinsam oder ein geschäftsführender Direktor mit einem Prokuristen.</SimpleValue>
         </Value>
      </Row>
      <Row>
         <Value ColumnRef="code">
            <SimpleValue>062</SimpleValue>
         </Value>
         <Value ColumnRef="wert">
            <SimpleValue>Ist nur ein geschäftsführender Direktor bestellt, so vertritt er die Gesellschaft allein. Sind mehrere geschäftsführende Direktoren bestellt, so wird die Gesellschaft durch die geschäftsführenden Direktoren gemeinsam vertreten.</SimpleValue>
         </Value>
      </Row>
      <Row>
         <Value ColumnRef="code">
            <SimpleValue>063</SimpleValue>
         </Value>
         <Value ColumnRef="wert">
            <SimpleValue>Ist nur ein geschäftsführender Direktor bestellt, so vertritt er die Gesellschaft allein. Sind mehrere geschäftsführende Direktoren bestellt, so wird die Gesellschaft durch zwei geschäftsführende Direktoren gemeinsam vertreten.</SimpleValue>
         </Value>
      </Row>
      <Row>
         <Value ColumnRef="code">
            <SimpleValue>064</SimpleValue>
         </Value>
         <Value ColumnRef="wert">
            <SimpleValue>Ist nur ein Geschäftsführer bestellt, so vertritt er die Gesellschaft allein. Sind mehrere Geschäftsführer bestellt, so wird die Gesellschaft durch die Geschäftsführer gemeinsam vertreten.</SimpleValue>
         </Value>
      </Row>
      <Row>
         <Value ColumnRef="code">
            <SimpleValue>065</SimpleValue>
         </Value>
         <Value ColumnRef="wert">
            <SimpleValue>Ist nur ein Geschäftsführer bestellt, so vertritt er die Gesellschaft allein. Sind mehrere Geschäftsführer bestellt, so wird die Gesellschaft durch zwei Geschäftsführer gemeinsam vertreten.</SimpleValue>
         </Value>
      </Row>
      <Row>
         <Value ColumnRef="code">
            <SimpleValue>066</SimpleValue>
         </Value>
         <Value ColumnRef="wert">
            <SimpleValue>Ist nur ein Geschäftsführer bestellt, so vertritt er die Gesellschaft allein. Sind mehrere Geschäftsführer bestellt, so wird die Gesellschaft durch zwei Geschäftsführer oder durch einen Geschäftsführer gemeinsam mit einem Prokuristen vertreten.</SimpleValue>
         </Value>
      </Row>
      <Row>
         <Value ColumnRef="code">
            <SimpleValue>067</SimpleValue>
         </Value>
         <Value ColumnRef="wert">
            <SimpleValue>Ist nur ein Geschäftsführer bestellt, so vertritt er die Vereinigung allein. Sind mehrere Geschäftsführer bestellt, so wird die Vereinigung durch die Geschäftsführer gemeinsam vertreten.</SimpleValue>
         </Value>
      </Row>
      <Row>
         <Value ColumnRef="code">
            <SimpleValue>068</SimpleValue>
         </Value>
         <Value ColumnRef="wert">
            <SimpleValue>Ist nur ein Geschäftsführer bestellt, so vertritt er die Vereinigung allein. Sind mehrere Geschäftsführer bestellt, so wird die Vereinigung durch zwei Geschäftsführer gemeinsam vertreten.</SimpleValue>
         </Value>
      </Row>
      <Row>
         <Value ColumnRef="code">
            <SimpleValue>069</SimpleValue>
         </Value>
         <Value ColumnRef="wert">
            <SimpleValue>Ist nur ein Geschäftsführer bestellt, so vertritt er die Vereinigung allein. Sind mehrere Geschäftsführer bestellt, so wird die Vereinigung durch zwei Geschäftsführer oder durch einen Geschäftsführer gemeinsam mit einem Prokuristen vertreten.</SimpleValue>
         </Value>
      </Row>
      <Row>
         <Value ColumnRef="code">
            <SimpleValue>070</SimpleValue>
         </Value>
         <Value ColumnRef="wert">
            <SimpleValue>Ist nur ein Liquidator bestellt, so vertritt er die Genossenschaft allein. Sind mehrere Liquidatoren bestellt, so wird die Genossenschaft durch die Liquidatoren gemeinsam vertreten.</SimpleValue>
         </Value>
      </Row>
      <Row>
         <Value ColumnRef="code">
            <SimpleValue>071</SimpleValue>
         </Value>
         <Value ColumnRef="wert">
            <SimpleValue>Ist nur ein Liquidator bestellt, so vertritt er die Genossenschaft allein. Sind mehrere Liquidatoren bestellt, so wird die Genossenschaft durch zwei Liquidatoren gemeinsam vertreten.</SimpleValue>
         </Value>
      </Row>
      <Row>
         <Value ColumnRef="code">
            <SimpleValue>072</SimpleValue>
         </Value>
         <Value ColumnRef="wert">
            <SimpleValue>Ist nur ein Liquidator bestellt, so vertritt er die Genossenschaft allein. Sind mehrere Liquidatoren bestellt, so wird die Genossenschaft durch zwei Liquidatoren oder durch einen Liquidator gemeinsam mit einem Prokuristen vertreten.</SimpleValue>
         </Value>
      </Row>
      <Row>
         <Value ColumnRef="code">
            <SimpleValue>073</SimpleValue>
         </Value>
         <Value ColumnRef="wert">
            <SimpleValue>Ist nur ein Liquidator bestellt, so vertritt er die Gesellschaft allein. Sind mehrere Liquidatoren bestellt, so wird die Gesellschaft durch die Liquidatoren gemeinsam vertreten.</SimpleValue>
         </Value>
      </Row>
      <Row>
         <Value ColumnRef="code">
            <SimpleValue>074</SimpleValue>
         </Value>
         <Value ColumnRef="wert">
            <SimpleValue>Ist nur ein Liquidator bestellt, so vertritt er die Gesellschaft allein. Sind mehrere Liquidatoren bestellt, so wird die Gesellschaft durch zwei Liquidatoren gemeinsam vertreten.</SimpleValue>
         </Value>
      </Row>
      <Row>
         <Value ColumnRef="code">
            <SimpleValue>075</SimpleValue>
         </Value>
         <Value ColumnRef="wert">
            <SimpleValue>Ist nur ein Liquidator bestellt, so vertritt er die Gesellschaft allein. Sind mehrere Liquidatoren bestellt, so wird die Gesellschaft durch zwei Liquidatoren oder durch einen Liquidator gemeinsam mit einem Prokuristen vertreten.</SimpleValue>
         </Value>
      </Row>
      <Row>
         <Value ColumnRef="code">
            <SimpleValue>076</SimpleValue>
         </Value>
         <Value ColumnRef="wert">
            <SimpleValue>Ist nur ein Liquidator bestellt, so vertritt er die Partnerschaft allein. Sind mehrere Liquidatoren bestellt, so wird die Partnerschaft durch die Liquidatoren gemeinsam vertreten.</SimpleValue>
         </Value>
      </Row>
      <Row>
         <Value ColumnRef="code">
            <SimpleValue>077</SimpleValue>
         </Value>
         <Value ColumnRef="wert">
            <SimpleValue>Ist nur ein Liquidator bestellt, so vertritt er die Partnerschaft allein. Sind mehrere Liquidatoren bestellt, so wird die Partnerschaft durch zwei Liquidatoren gemeinsam vertreten.</SimpleValue>
         </Value>
      </Row>
      <Row>
         <Value ColumnRef="code">
            <SimpleValue>078</SimpleValue>
         </Value>
         <Value ColumnRef="wert">
            <SimpleValue>Ist nur ein Mitglied des Leitungsorgans bestellt, so vertritt es die Gesellschaft allein. Sind mehrere Mitglieder des Leitungsorgans bestellt, so wird die Gesellschaft durch die Mitglieder des Leitungsorgans gemeinsam vertreten.</SimpleValue>
         </Value>
      </Row>
      <Row>
         <Value ColumnRef="code">
            <SimpleValue>079</SimpleValue>
         </Value>
         <Value ColumnRef="wert">
            <SimpleValue>Ist nur ein Mitglied des Leitungsorgans bestellt, so vertritt es die Gesellschaft allein. Sind mehrere Mitglieder des Leitungsorgans bestellt, so wird die Gesellschaft durch zwei Mitglieder des Leitungsorgans gemeinsam vertreten.</SimpleValue>
         </Value>
      </Row>
      <Row>
         <Value ColumnRef="code">
            <SimpleValue>080</SimpleValue>
         </Value>
         <Value ColumnRef="wert">
            <SimpleValue>Ist nur ein Mitglied des Leitungsorgans bestellt, so vertritt es die Gesellschaft allein. Sind mehrere Mitglieder des Leitungsorgans bestellt, so wird die Gesellschaft durch zwei von ihnen oder durch einen gemeinsam mit einem Prokuristen vertreten.</SimpleValue>
         </Value>
      </Row>
      <Row>
         <Value ColumnRef="code">
            <SimpleValue>081</SimpleValue>
         </Value>
         <Value ColumnRef="wert">
            <SimpleValue>Ist nur ein Vorstandsmitglied bestellt, so vertritt es die Gesellschaft allein. Sind mehrere Vorstandsmitglieder bestellt, so wird die Gesellschaft durch die Vorstandsmitglieder gemeinsam vertreten.</SimpleValue>
         </Value>
      </Row>
      <Row>
         <Value ColumnRef="code">
            <SimpleValue>082</SimpleValue>
         </Value>
         <Value ColumnRef="wert">
            <SimpleValue>Ist nur ein Vorstandsmitglied bestellt, so vertritt es die Gesellschaft allein. Sind mehrere Vorstandsmitglieder bestellt, so wird die Gesellschaft durch zwei Vorstandsmitglieder gemeinsam vertreten.</SimpleValue>
         </Value>
      </Row>
      <Row>
         <Value ColumnRef="code">
            <SimpleValue>083</SimpleValue>
         </Value>
         <Value ColumnRef="wert">
            <SimpleValue>Ist nur ein Vorstandsmitglied bestellt, so vertritt es die Gesellschaft allein. Sind mehrere Vorstandsmitglieder bestellt, so wird die Gesellschaft durch zwei Vorstandsmitglieder oder durch ein Vorstandsmitglied gemeinsam mit einem Prokuristen vertreten.</SimpleValue>
         </Value>
      </Row>
      <Row>
         <Value ColumnRef="code">
            <SimpleValue>084</SimpleValue>
         </Value>
         <Value ColumnRef="wert">
            <SimpleValue>Jeder Abwickler vertritt einzeln.</SimpleValue>
         </Value>
      </Row>
      <Row>
         <Value ColumnRef="code">
            <SimpleValue>085</SimpleValue>
         </Value>
         <Value ColumnRef="wert">
            <SimpleValue>Jeder geschäftsführende Direktor vertritt einzeln.</SimpleValue>
         </Value>
      </Row>
      <Row>
         <Value ColumnRef="code">
            <SimpleValue>086</SimpleValue>
         </Value>
         <Value ColumnRef="wert">
            <SimpleValue>Jeder Geschäftsführer vertritt einzeln.</SimpleValue>
         </Value>
      </Row>
      <Row>
         <Value ColumnRef="code">
            <SimpleValue>087</SimpleValue>
         </Value>
         <Value ColumnRef="wert">
            <SimpleValue>Jeder Liquidator vertritt einzeln.</SimpleValue>
         </Value>
      </Row>
      <Row>
         <Value ColumnRef="code">
            <SimpleValue>088</SimpleValue>
         </Value>
         <Value ColumnRef="wert">
            <SimpleValue>Jeder Partner vertritt einzeln.</SimpleValue>
         </Value>
      </Row>
      <Row>
         <Value ColumnRef="code">
            <SimpleValue>089</SimpleValue>
         </Value>
         <Value ColumnRef="wert">
            <SimpleValue>Jeder persönlich haftende Gesellschafter vertritt einzeln.</SimpleValue>
         </Value>
      </Row>
      <Row>
         <Value ColumnRef="code">
            <SimpleValue>090</SimpleValue>
         </Value>
         <Value ColumnRef="wert">
            <SimpleValue>Jedes Mitglied des Leitungsorgans vertritt einzeln.</SimpleValue>
         </Value>
      </Row>
      <Row>
         <Value ColumnRef="code">
            <SimpleValue>091</SimpleValue>
         </Value>
         <Value ColumnRef="wert">
            <SimpleValue>Jedes Vorstandsmitglied vertritt einzeln.</SimpleValue>
         </Value>
      </Row>
      <Row>
         <Value ColumnRef="code">
            <SimpleValue>092</SimpleValue>
         </Value>
         <Value ColumnRef="wert">
            <SimpleValue>Jeweils zwei Liquidatoren vertreten den Verein gemeinsam.</SimpleValue>
         </Value>
      </Row>
      <Row>
         <Value ColumnRef="code">
            <SimpleValue>093</SimpleValue>
         </Value>
         <Value ColumnRef="wert">
            <SimpleValue>Jeweils zwei Partner vertreten gemeinsam.</SimpleValue>
         </Value>
      </Row>
      <Row>
         <Value ColumnRef="code">
            <SimpleValue>094</SimpleValue>
         </Value>
         <Value ColumnRef="wert">
            <SimpleValue>Jeweils zwei persönlich haftende Gesellschafter vertreten gemeinsam.</SimpleValue>
         </Value>
      </Row>
      <Row>
         <Value ColumnRef="code">
            <SimpleValue>095</SimpleValue>
         </Value>
         <Value ColumnRef="wert">
            <SimpleValue>Jeweils zwei Vorstandsmitglieder vertreten den Verein gemeinsam.</SimpleValue>
         </Value>
      </Row>
      <Row>
         <Value ColumnRef="code">
            <SimpleValue>096</SimpleValue>
         </Value>
         <Value ColumnRef="wert">
            <SimpleValue>Die Gesellschaft wird durch zwei Gesellschafter gemeinsam oder durch einen persönlich haftenden Gesellschafter gemeinsam mit einem Prokuristen vertreten.</SimpleValue>
         </Value>
      </Row>
      <Row>
         <Value ColumnRef="code">
            <SimpleValue>097</SimpleValue>
         </Value>
         <Value ColumnRef="wert">
            <SimpleValue>Die Gesellschafter vertreten gemeinsam.</SimpleValue>
         </Value>
      </Row>
      <Row>
         <Value ColumnRef="code">
            <SimpleValue>098</SimpleValue>
         </Value>
         <Value ColumnRef="wert">
            <SimpleValue>Die geschäftsführenden Gesellschafter vertreten gemeinsam.</SimpleValue>
         </Value>
      </Row>
      <Row>
         <Value ColumnRef="code">
            <SimpleValue>099</SimpleValue>
         </Value>
         <Value ColumnRef="wert">
            <SimpleValue>Die Gesellschaft wird von einem Gesellschafter und einem Prokuristen vertreten.</SimpleValue>
         </Value>
      </Row>
      <Row>
         <Value ColumnRef="code">
            <SimpleValue>100</SimpleValue>
         </Value>
         <Value ColumnRef="wert">
            <SimpleValue>Ist nur ein Mitglied des Leitungsorgans bestellt, so vertritt es die Genossenschaft allein. Sind mehrere Mitglieder des Leitungsorgans bestellt, so wird die Genossenschaft durch zwei von ihnen oder durch einen gemeinsam mit einem Prokuristen vertreten.</SimpleValue>
         </Value>
      </Row>
      <Row>
         <Value ColumnRef="code">
            <SimpleValue>101</SimpleValue>
         </Value>
         <Value ColumnRef="wert">
            <SimpleValue>Ist nur ein Mitglied des Leitungsorgans bestellt, so vertritt es die Genossenschaft allein. Sind mehrere Mitglieder des Leitungsorgans bestellt, so wird die Genossenschaft durch die Mitglieder des Leitungsorgans gemeinsam vertreten.</SimpleValue>
         </Value>
      </Row>
      <Row>
         <Value ColumnRef="code">
            <SimpleValue>102</SimpleValue>
         </Value>
         <Value ColumnRef="wert">
            <SimpleValue>Ist nur ein Mitglied des Leitungsorgans bestellt, so vertritt es die Genossenschaft allein. Sind mehrere Mitglieder des Leitungsorgans bestellt, so wird die Genossenschaft durch zwei Mitglieder des Leitungsorgans gemeinsam vertreten.</SimpleValue>
         </Value>
      </Row>
      <Row>
         <Value ColumnRef="code">
            <SimpleValue>103</SimpleValue>
         </Value>
         <Value ColumnRef="wert">
            <SimpleValue>Jeder Gesellschafter vertritt einzeln.</SimpleValue>
         </Value>
      </Row>
      <Row>
         <Value ColumnRef="code">
            <SimpleValue>104</SimpleValue>
         </Value>
         <Value ColumnRef="wert">
            <SimpleValue>Jeweils zwei Gesellschafter vertreten gemeinsam.</SimpleValue>
         </Value>
      </Row>
   </SimpleCodeList>
</gc:CodeList>
